subject,port,B_freeze_pct,base_seed,seed_eff,G_orig,G_surr_median,delta_surr_minus_orig,kappa_star_orig
100206,T2,0.0,20250212,1157243613,2.418487407269752,1.6127843328853433,-0.8057030743844087,1.0
100206,T2,0.0,20250213,885824918,2.3700516114619097,1.8661985763078897,-0.50385303515402,1.0
100206,T2,0.0,20250214,3227958881,2.4800400535748297,1.495160180041783,-0.9848798735330466,1.0
100206,T2,0.0,20250215,1011721703,0.8771570728599913,0.7345016179089754,-0.14265545495101595,1.0
100206,T2,0.0,20250216,2358077693,1.9470424505132,0.5710606406975298,-1.3759818098156702,0.631
100206,T2,0.0,20250217,824393232,2.206623655384748,0.6961682148865416,-1.5104554404982062,0.631
100206,T2,0.0,20250218,2348359806,0.8372130767756882,0.26086063633318085,-0.5763524404425073,0.251
100206,T2,0.0,20250219,1909848434,1.9473642196825192,1.612709626677963,-0.33465459300455613,1.0
100206,T2,0.0,20250220,3140729936,1.1889210702802764,1.1801503319078095,-0.00877073837246689,1.0
100206,T2,0.0,20250221,2160087367,1.96095872299471,1.126145509664374,-0.8348132133303361,0.631
100206,T2,0.0,20250222,1517041348,2.40366887694303,2.1085744791243393,-0.2950943978186906,1.0
100206,T2,0.0,20250223,389923227,1.885695713408504,0.2066808576038425,-1.6790148558046614,0.631
100206,T2,5.0,20250212,1157243613,2.418487407269752,1.9125142535006205,-0.5059731537691314,1.0
100206,T2,5.0,20250213,885824918,2.3700516114619097,1.8129972071627543,-0.5570544042991554,1.0
100206,T2,5.0,20250214,3227958881,2.4800400535748297,1.2568633259228879,-1.2231767276519419,1.0
100206,T2,5.0,20250215,1011721703,0.8771570728599913,1.0982713833842732,0.22111431052428188,1.0
100206,T2,5.0,20250216,2358077693,1.9470424505132,0.5396075913968814,-1.4074348591163186,0.631
100206,T2,5.0,20250217,824393232,2.206623655384748,1.1722738720152877,-1.0343497833694602,0.631
100206,T2,5.0,20250218,2348359806,0.8372130767756882,-0.3199180212409347,-1.157131098016623,0.251
100206,T2,5.0,20250219,1909848434,1.9473642196825192,1.8276901340837655,-0.1196740855987537,1.0
100206,T2,5.0,20250220,3140729936,1.1889210702802764,0.8244446918877957,-0.3644763783924807,1.0
100206,T2,5.0,20250221,2160087367,1.96095872299471,1.0133278710823417,-0.9476308519123684,0.631
100206,T2,5.0,20250222,1517041348,2.40366887694303,1.9851599287333779,-0.418508948209652,1.0
100206,T2,5.0,20250223,389923227,1.885695713408504,0.20710003252710682,-1.678595680881397,0.631
100206,T2,10.0,20250212,1157243613,2.418487407269752,1.762741201023056,-0.6557462062466959,1.0
100206,T2,10.0,20250213,885824918,2.3700516114619097,1.6018775977898767,-0.768174013672033,1.0
100206,T2,10.0,20250214,3227958881,2.4800400535748297,0.5245204458288533,-1.9555196077459764,1.0
100206,T2,10.0,20250215,1011721703,0.8771570728599913,0.701297915918776,-0.17585915694121534,1.0
100206,T2,10.0,20250216,2358077693,1.9470424505132,0.6547880025405917,-1.2922544479726084,0.631
100206,T2,10.0,20250217,824393232,2.206623655384748,0.8087252500920883,-1.3978984052926595,0.631
100206,T2,10.0,20250218,2348359806,0.8372130767756882,-0.47395377560009866,-1.311166852375787,0.251
100206,T2,10.0,20250219,1909848434,1.9473642196825192,1.8122619021024118,-0.13510231758010738,1.0
100206,T2,10.0,20250220,3140729936,1.1889210702802764,0.7150655456490407,-0.4738555246312357,1.0
100206,T2,10.0,20250221,2160087367,1.96095872299471,0.5137001728303225,-1.4472585501643875,0.631
100206,T2,10.0,20250222,1517041348,2.40366887694303,1.670906042235499,-0.7327628347075308,1.0
100206,T2,10.0,20250223,389923227,1.885695713408504,-0.024904156657274953,-1.910599870065779,0.631
100206,T2,20.0,20250212,1157243613,2.418487407269752,2.0216925062897513,-0.3967949009800007,1.0
100206,T2,20.0,20250213,885824918,2.3700516114619097,1.9206315475781448,-0.4494200638837649,1.0
100206,T2,20.0,20250214,3227958881,2.4800400535748297,1.5771818267335669,-0.9028582268412628,1.0
100206,T2,20.0,20250215,1011721703,0.8771570728599913,1.0451225061518143,0.167965433291823,1.0
100206,T2,20.0,20250216,2358077693,1.9470424505132,1.1847072872446658,-0.7623351632685342,0.631
100206,T2,20.0,20250217,824393232,2.206623655384748,1.6734298116407635,-0.5331938437439843,0.631
100206,T2,20.0,20250218,2348359806,0.8372130767756882,0.35802757935855745,-0.4791854974171308,0.251
100206,T2,20.0,20250219,1909848434,1.9473642196825192,1.9528944228561764,0.0055302031736572665,1.0
100206,T2,20.0,20250220,3140729936,1.1889210702802764,1.2356249342130319,0.046703863932755496,1.0
100206,T2,20.0,20250221,2160087367,1.96095872299471,0.8942061614077792,-1.0667525615869309,0.631
100206,T2,20.0,20250222,1517041348,2.40366887694303,1.758284330142688,-0.6453845468003419,1.0
100206,T2,20.0,20250223,389923227,1.885695713408504,1.2498263688070144,-0.6358693446014896,0.631
100206,T3,0.0,20250212,1157243613,8.626751088851917,9.418687560542628,0.7919364716907111,1.0
100206,T3,0.0,20250213,885824918,8.266117272384658,7.6752858802868325,-0.5908313920978259,0.631
100206,T3,0.0,20250214,3227958881,3.918018168989704,3.225944586020306,-0.6920735829693978,0.631
100206,T3,0.0,20250215,1011721703,9.3037041619719,9.857674724018164,0.5539705620462634,1.0
100206,T3,0.0,20250216,2358077693,5.255184854570459,4.6913826945289525,-0.5638021600415062,0.631
100206,T3,0.0,20250217,824393232,5.216768258296874,4.510928644377573,-0.7058396139193004,0.631
100206,T3,0.0,20250218,2348359806,7.672672944612479,6.826932363246728,-0.8457405813657513,0.631
100206,T3,0.0,20250219,1909848434,6.85861045238466,3.4963749307074075,-3.3622355216772526,0.631
100206,T3,0.0,20250220,3140729936,7.009520408490301,8.875238987252189,1.8657185787618875,1.0
100206,T3,0.0,20250221,2160087367,7.703455438874485,4.619191712494285,-3.0842637263802004,0.631
100206,T3,0.0,20250222,1517041348,5.313584820502001,3.2978546758699494,-2.0157301446320517,0.631
100206,T3,0.0,20250223,389923227,3.2493949472951726,3.7821761268655134,0.5327811795703408,0.631
100206,T3,5.0,20250212,1157243613,8.626751088851917,8.189434691845694,-0.4373163970062226,1.0
100206,T3,5.0,20250213,885824918,8.266117272384658,7.488748646712525,-0.7773686256721337,0.631
100206,T3,5.0,20250214,3227958881,3.918018168989704,3.249525765598804,-0.6684924033908999,0.631
100206,T3,5.0,20250215,1011721703,9.3037041619719,10.235322556978288,0.931618395006387,1.0
100206,T3,5.0,20250216,2358077693,5.255184854570459,5.436617753669719,0.18143289909925997,0.631
100206,T3,5.0,20250217,824393232,5.216768258296874,5.617147138071134,0.40037887977426045,0.631
100206,T3,5.0,20250218,2348359806,7.672672944612479,6.931660803836284,-0.7410121407761956,0.631
100206,T3,5.0,20250219,1909848434,6.85861045238466,4.541337559740647,-2.317272892644013,0.631
100206,T3,5.0,20250220,3140729936,7.009520408490301,8.372468418376625,1.362948009886324,1.0
100206,T3,5.0,20250221,2160087367,7.703455438874485,5.1247956843830735,-2.5786597544914116,0.631
100206,T3,5.0,20250222,1517041348,5.313584820502001,2.1405062010222444,-3.1730786194797567,0.631
100206,T3,5.0,20250223,389923227,3.2493949472951726,5.326755934979497,2.077360987684324,0.631
100206,T3,10.0,20250212,1157243613,8.626751088851917,8.791044080818985,0.16429299196706815,1.0
100206,T3,10.0,20250213,885824918,8.266117272384658,9.680921148670315,1.4148038762856565,0.631
100206,T3,10.0,20250214,3227958881,3.918018168989704,2.4366157710671423,-1.4814023979225617,0.631
100206,T3,10.0,20250215,1011721703,9.3037041619719,9.35191373315425,0.048209571182349364,1.0
100206,T3,10.0,20250216,2358077693,5.255184854570459,6.79846583422078,1.543280979650321,0.631
100206,T3,10.0,20250217,824393232,5.216768258296874,5.147688707041919,-0.06907955125495491,0.631
100206,T3,10.0,20250218,2348359806,7.672672944612479,8.351533225147136,0.6788602805346571,0.631
100206,T3,10.0,20250219,1909848434,6.85861045238466,5.514296020605364,-1.3443144317792957,0.631
100206,T3,10.0,20250220,3140729936,7.009520408490301,7.674587602719526,0.6650671942292243,1.0
100206,T3,10.0,20250221,2160087367,7.703455438874485,6.533760379436021,-1.1696950594384639,0.631
100206,T3,10.0,20250222,1517041348,5.313584820502001,4.695658908755689,-0.6179259117463118,0.631
100206,T3,10.0,20250223,389923227,3.2493949472951726,7.28360162739094,4.034206680095767,0.631
100206,T3,20.0,20250212,1157243613,8.626751088851917,9.118953399069,0.49220231021708294,1.0
100206,T3,20.0,20250213,885824918,8.266117272384658,9.856431087923,1.590313815538341,0.631
100206,T3,20.0,20250214,3227958881,3.918018168989704,4.630865878903025,0.712847709913321,0.631
100206,T3,20.0,20250215,1011721703,9.3037041619719,10.071020891211177,0.7673167292392762,1.0
100206,T3,20.0,20250216,2358077693,5.255184854570459,7.665013490021224,2.409828635450765,0.631
100206,T3,20.0,20250217,824393232,5.216768258296874,4.958006356725338,-0.25876190157153545,0.631
100206,T3,20.0,20250218,2348359806,7.672672944612479,9.25484235006838,1.5821694054559003,0.631
100206,T3,20.0,20250219,1909848434,6.85861045238466,8.6376521880435,1.77904173565884,0.631
100206,T3,20.0,20250220,3140729936,7.009520408490301,7.960766408957658,0.9512460004673571,1.0
100206,T3,20.0,20250221,2160087367,7.703455438874485,8.186431811656462,0.4829763727819767,0.631
100206,T3,20.0,20250222,1517041348,5.313584820502001,5.38102177870994,0.0674369582079386,0.631
100206,T3,20.0,20250223,389923227,3.2493949472951726,5.489544025041562,2.2401490777463895,0.631
304727,T2,0.0,20250212,2333105933,1.0718363062982768,0.5849066474716089,-0.48692965882666783,0.631
304727,T2,0.0,20250213,2163508935,2.0780558160745004,0.801383529348108,-1.2766722867263924,1.0
304727,T2,0.0,20250214,3743401827,2.033306327020793,1.1219622257177435,-0.9113441013030497,1.0
304727,T2,0.0,20250215,3449737447,2.0664738150439703,1.1084644660577152,-0.9580093489862551,0.631
304727,T2,0.0,20250216,300381734,1.7079077552314557,1.524143503077668,-0.18376425215378767,1.0
304727,T2,0.0,20250217,760459649,2.0079639805324057,1.3343638631213461,-0.6736001174110595,1.0
304727,T2,0.0,20250218,148270245,2.4632134187228134,2.0036320691767546,-0.4595813495460588,1.0
304727,T2,0.0,20250219,1535436269,2.6572916513845817,1.7134295398590655,-0.9438621115255161,1.0
304727,T2,0.0,20250220,48305508,0.4829264670365827,0.4639303523775289,-0.01899611465905382,0.631
304727,T2,0.0,20250221,4215934679,2.565927280919335,1.8815463845046465,-0.6843808964146887,1.0
304727,T2,0.0,20250222,2712627859,2.1827302927085963,1.4125680768790354,-0.7701622158295609,1.0
304727,T2,0.0,20250223,2007530073,1.4938467775127309,1.7177405453251307,0.22389376781239978,1.0
304727,T2,5.0,20250212,2333105933,1.0718363062982768,-0.024427752189185747,-1.0962640584874626,0.631
304727,T2,5.0,20250213,2163508935,2.0780558160745004,0.9284928421783869,-1.1495629738961135,1.0
304727,T2,5.0,20250214,3743401827,2.033306327020793,1.0121972241371067,-1.0211091028836865,1.0
304727,T2,5.0,20250215,3449737447,2.0664738150439703,1.1374413975362279,-0.9290324175077425,0.631
304727,T2,5.0,20250216,300381734,1.7079077552314557,0.5181305907480422,-1.1897771644834134,1.0
304727,T2,5.0,20250217,760459649,2.0079639805324057,1.4251358526179454,-0.5828281279144603,1.0
304727,T2,5.0,20250218,148270245,2.4632134187228134,1.9085894627927753,-0.5546239559300381,1.0
304727,T2,5.0,20250219,1535436269,2.6572916513845817,1.7349664861095464,-0.9223251652750353,1.0
304727,T2,5.0,20250220,48305508,0.4829264670365827,0.5071187425228825,0.024192275486299764,0.631
304727,T2,5.0,20250221,4215934679,2.565927280919335,1.8400580942367384,-0.7258691866825968,1.0
304727,T2,5.0,20250222,2712627859,2.1827302927085963,1.378134705779582,-0.8045955869290142,1.0
304727,T2,5.0,20250223,2007530073,1.4938467775127309,1.6644168602543477,0.17057008274161678,1.0
304727,T2,10.0,20250212,2333105933,1.0718363062982768,-0.1151837144254326,-1.1870200207237094,0.631
304727,T2,10.0,20250213,2163508935,2.0780558160745004,0.26933122358395867,-1.8087245924905417,1.0
304727,T2,10.0,20250214,3743401827,2.033306327020793,0.751070759580255,-1.2822355674405381,1.0
304727,T2,10.0,20250215,3449737447,2.0664738150439703,0.20349260789121623,-1.862981207152754,0.631
304727,T2,10.0,20250216,300381734,1.7079077552314557,0.10606996519689679,-1.6018377900345588,1.0
304727,T2,10.0,20250217,760459649,2.0079639805324057,0.5063685110341791,-1.5015954694982265,1.0
304727,T2,10.0,20250218,148270245,2.4632134187228134,1.3939795958340273,-1.069233822888786,1.0
304727,T2,10.0,20250219,1535436269,2.6572916513845817,1.7167038748752255,-0.9405877765093562,1.0
304727,T2,10.0,20250220,48305508,0.4829264670365827,0.7920729512754017,0.30914648423881896,0.631
304727,T2,10.0,20250221,4215934679,2.565927280919335,1.6141355654221576,-0.9517917154971776,1.0
304727,T2,10.0,20250222,2712627859,2.1827302927085963,0.9329637723763962,-1.2497665203322001,1.0
304727,T2,10.0,20250223,2007530073,1.4938467775127309,1.6618089764666704,0.1679621989539395,1.0
304727,T2,20.0,20250212,2333105933,1.0718363062982768,0.49184550519732184,-0.5799908011009549,0.631
304727,T2,20.0,20250213,2163508935,2.0780558160745004,1.3120260894836302,-0.7660297265908702,1.0
304727,T2,20.0,20250214,3743401827,2.033306327020793,1.0037581809358582,-1.029548146084935,1.0
304727,T2,20.0,20250215,3449737447,2.0664738150439703,0.4883603072520355,-1.5781135077919348,0.631
304727,T2,20.0,20250216,300381734,1.7079077552314557,1.1122943082595786,-0.595613446971877,1.0
304727,T2,20.0,20250217,760459649,2.0079639805324057,0.8636850675240533,-1.1442789130083524,1.0
304727,T2,20.0,20250218,148270245,2.4632134187228134,1.7164744487149308,-0.7467389700078826,1.0
304727,T2,20.0,20250219,1535436269,2.6572916513845817,1.6039152705836126,-1.053376380800969,1.0
304727,T2,20.0,20250220,48305508,0.4829264670365827,0.4388078844181628,-0.04411858261841989,0.631
304727,T2,20.0,20250221,4215934679,2.565927280919335,1.7245835899130273,-0.8413436910063079,1.0
304727,T2,20.0,20250222,2712627859,2.1827302927085963,1.5484431747128786,-0.6342871179957177,1.0
304727,T2,20.0,20250223,2007530073,1.4938467775127309,1.5623762694369163,0.06852949192418545,1.0
304727,T3,0.0,20250212,2333105933,6.848304416446574,4.435870493165012,-2.4124339232815615,0.631
304727,T3,0.0,20250213,2163508935,7.850279158349535,7.170089600496619,-0.6801895578529162,1.0
304727,T3,0.0,20250214,3743401827,5.078729977695426,4.291344669340242,-0.7873853083551836,1.0
304727,T3,0.0,20250215,3449737447,6.834127388546447,4.901758468206086,-1.9323689203403607,0.631
304727,T3,0.0,20250216,300381734,7.114561655670622,5.425327566519625,-1.6892340891509967,1.0
304727,T3,0.0,20250217,760459649,8.191753075411263,7.988750043905606,-0.20300303150565746,1.0
304727,T3,0.0,20250218,148270245,8.500749458373887,8.26821356791555,-0.23253589045833678,1.0
304727,T3,0.0,20250219,1535436269,5.154903966358637,2.470462950322382,-2.6844410160362546,1.0
304727,T3,0.0,20250220,48305508,6.521406949429178,8.374323418070002,1.8529164686408244,1.0
304727,T3,0.0,20250221,4215934679,7.710920888999144,6.293531346222608,-1.4173895427765366,1.0
304727,T3,0.0,20250222,2712627859,8.057236425334132,5.024606952730323,-3.0326294726038086,1.0
304727,T3,0.0,20250223,2007530073,7.335694440535185,6.335259314083872,-1.000435126451313,1.0
304727,T3,5.0,20250212,2333105933,6.848304416446574,3.9720396666445286,-2.8762647498020453,0.631
304727,T3,5.0,20250213,2163508935,7.850279158349535,6.812615501341167,-1.037663657008368,1.0
304727,T3,5.0,20250214,3743401827,5.078729977695426,3.068185125072455,-2.010544852622971,1.0
304727,T3,5.0,20250215,3449737447,6.834127388546447,4.844749665026892,-1.9893777235195547,0.631
304727,T3,5.0,20250216,300381734,7.114561655670622,5.9369805990875335,-1.1775810565830884,1.0
304727,T3,5.0,20250217,760459649,8.191753075411263,7.263605492898179,-0.928147582513084,1.0
304727,T3,5.0,20250218,148270245,8.500749458373887,7.9159976816129225,-0.5847517767609647,1.0
304727,T3,5.0,20250219,1535436269,5.154903966358637,3.6299142276345613,-1.5249897387240754,1.0
304727,T3,5.0,20250220,48305508,6.521406949429178,7.042991474350839,0.5215845249216615,1.0
304727,T3,5.0,20250221,4215934679,7.710920888999144,6.868417931353152,-0.8425029576459924,1.0
304727,T3,5.0,20250222,2712627859,8.057236425334132,7.611575804104483,-0.4456606212296492,1.0
304727,T3,5.0,20250223,2007530073,7.335694440535185,3.5675156915053385,-3.768178749029847,1.0
304727,T3,10.0,20250212,2333105933,6.848304416446574,4.666554213204174,-2.1817502032424,0.631
304727,T3,10.0,20250213,2163508935,7.850279158349535,8.302482724770451,0.4522035664209163,1.0
304727,T3,10.0,20250214,3743401827,5.078729977695426,4.8592343494794985,-0.2194956282159275,1.0
304727,T3,10.0,20250215,3449737447,6.834127388546447,5.500055656318265,-1.3340717322281819,0.631
304727,T3,10.0,20250216,300381734,7.114561655670622,6.947399813276715,-0.16716184239390675,1.0
304727,T3,10.0,20250217,760459649,8.191753075411263,8.367867643210895,0.17611456779963142,1.0
304727,T3,10.0,20250218,148270245,8.500749458373887,7.07622176694128,-1.4245276914326075,1.0
304727,T3,10.0,20250219,1535436269,5.154903966358637,5.303945273814666,0.14904130745602906,1.0
304727,T3,10.0,20250220,48305508,6.521406949429178,8.16295257368703,1.6415456242578514,1.0
304727,T3,10.0,20250221,4215934679,7.710920888999144,7.945474603137987,0.2345537141388423,1.0
304727,T3,10.0,20250222,2712627859,8.057236425334132,6.2580480159083915,-1.7991884094257404,1.0
304727,T3,10.0,20250223,2007530073,7.335694440535185,3.811387715979711,-3.5243067245554744,1.0
304727,T3,20.0,20250212,2333105933,6.848304416446574,4.164847921812518,-2.683456494634056,0.631
304727,T3,20.0,20250213,2163508935,7.850279158349535,8.188360007855747,0.33808084950621264,1.0
304727,T3,20.0,20250214,3743401827,5.078729977695426,4.801768309449378,-0.27696166824604784,1.0
304727,T3,20.0,20250215,3449737447,6.834127388546447,7.002836970899429,0.1687095823529816,0.631
304727,T3,20.0,20250216,300381734,7.114561655670622,7.529526697407722,0.41496504173710047,1.0
304727,T3,20.0,20250217,760459649,8.191753075411263,7.058768637502345,-1.1329844379089185,1.0
304727,T3,20.0,20250218,148270245,8.500749458373887,8.787396707424941,0.2866472490510539,1.0
304727,T3,20.0,20250219,1535436269,5.154903966358637,4.306244629667098,-0.8486593366915383,1.0
304727,T3,20.0,20250220,48305508,6.521406949429178,6.615584524488391,0.09417757505921287,1.0
304727,T3,20.0,20250221,4215934679,7.710920888999144,8.016577773535843,0.3056568845366989,1.0
304727,T3,20.0,20250222,2712627859,8.057236425334132,5.453336017919288,-2.6039004074148444,1.0
304727,T3,20.0,20250223,2007530073,7.335694440535185,4.987237197447843,-2.348457243087342,1.0
314225,T2,0.0,20250212,223435618,-0.2495415337285624,-0.5003826712235071,-0.25084113749494474,0.251
314225,T2,0.0,20250213,870498594,1.6892746517441708,0.7963793135682393,-0.8928953381759315,0.631
314225,T2,0.0,20250214,460569366,1.478650477222568,1.070528310271293,-0.4081221669512749,1.0
314225,T2,0.0,20250215,2947648704,1.1629813959595658,0.9672925860900659,-0.1956888098695,0.631
314225,T2,0.0,20250216,3163222232,1.5756432188755305,1.2595589872319555,-0.316084231643575,0.631
314225,T2,0.0,20250217,3782709075,1.608166590460952,1.7822640010408548,0.1740974105799029,0.631
314225,T2,0.0,20250218,2557609935,1.435846794118067,1.325325222347539,-0.11052157177052813,1.0
314225,T2,0.0,20250219,2769374004,2.310728223176853,2.3784988705477232,0.06777064737087013,1.0
314225,T2,0.0,20250220,3251732514,0.5074782027741902,0.49885719623968816,-0.00862100653450204,1.0
314225,T2,0.0,20250221,1798473181,1.3369180198803257,0.8974296202088867,-0.43948839967143893,1.0
314225,T2,0.0,20250222,3397254092,1.922425961122861,1.948127917437735,0.025701956314874153,1.0
314225,T2,0.0,20250223,1361323143,0.1828631082640681,0.4338297691656221,0.250966660901554,0.631
314225,T2,5.0,20250212,223435618,-0.2495415337285624,-0.8249534109585577,-0.5754118772299953,0.251
314225,T2,5.0,20250213,870498594,1.6892746517441708,0.6845837939679917,-1.004690857776179,0.631
314225,T2,5.0,20250214,460569366,1.478650477222568,1.2023900557547096,-0.27626042146785834,1.0
314225,T2,5.0,20250215,2947648704,1.1629813959595658,1.1641918651080192,0.0012104691484533525,0.631
314225,T2,5.0,20250216,3163222232,1.5756432188755305,1.7317919908983814,0.15614877202285093,0.631
314225,T2,5.0,20250217,3782709075,1.608166590460952,1.3943856799052012,-0.21378091055575066,0.631
314225,T2,5.0,20250218,2557609935,1.435846794118067,1.3008799025190516,-0.13496689159901543,1.0
314225,T2,5.0,20250219,2769374004,2.310728223176853,2.428066517508767,0.11733829433191367,1.0
314225,T2,5.0,20250220,3251732514,0.5074782027741902,0.06182360126876674,-0.44565460150542346,1.0
314225,T2,5.0,20250221,1798473181,1.3369180198803257,0.7068328995284614,-0.6300851203518643,1.0
314225,T2,5.0,20250222,3397254092,1.922425961122861,1.2660840976171932,-0.6563418635056677,1.0
314225,T2,5.0,20250223,1361323143,0.1828631082640681,0.9611491724329957,0.7782860641689275,0.631
314225,T2,10.0,20250212,223435618,-0.2495415337285624,-0.25727785792021324,-0.007736324191650851,0.251
314225,T2,10.0,20250213,870498594,1.6892746517441708,0.1365826922619666,-1.5526919594822042,0.631
314225,T2,10.0,20250214,460569366,1.478650477222568,1.3581637612743003,-0.12048671594826765,1.0
314225,T2,10.0,20250215,2947648704,1.1629813959595658,0.9572847595491693,-0.2056966364103966,0.631
314225,T2,10.0,20250216,3163222232,1.5756432188755305,1.4010208874840235,-0.17462233139150696,0.631
314225,T2,10.0,20250217,3782709075,1.608166590460952,1.1781298533594122,-0.43003673710153967,0.631
314225,T2,10.0,20250218,2557609935,1.435846794118067,1.2962498312284398,-0.1395969628896272,1.0
314225,T2,10.0,20250219,2769374004,2.310728223176853,2.307862197040465,-0.0028660261363882,1.0
314225,T2,10.0,20250220,3251732514,0.5074782027741902,0.28855398550044326,-0.21892421727374695,1.0
314225,T2,10.0,20250221,1798473181,1.3369180198803257,0.7064096112031244,-0.6305084086772013,1.0
314225,T2,10.0,20250222,3397254092,1.922425961122861,1.4997467275549492,-0.4226792335679117,1.0
314225,T2,10.0,20250223,1361323143,0.1828631082640681,0.616818404870529,0.43395529660646087,0.631
314225,T2,20.0,20250212,223435618,-0.2495415337285624,-0.09646282312613415,0.15307871060242823,0.251
314225,T2,20.0,20250213,870498594,1.6892746517441708,0.44290740812282525,-1.2463672436213455,0.631
314225,T2,20.0,20250214,460569366,1.478650477222568,1.4129984354580865,-0.06565204176448147,1.0
314225,T2,20.0,20250215,2947648704,1.1629813959595658,0.24442473619757793,-0.9185566597619879,0.631
314225,T2,20.0,20250216,3163222232,1.5756432188755305,1.3898675294051412,-0.18577568947038925,0.631
314225,T2,20.0,20250217,3782709075,1.608166590460952,0.7317468126903464,-0.8764197777706055,0.631
314225,T2,20.0,20250218,2557609935,1.435846794118067,1.1522803454413313,-0.28356644867673575,1.0
314225,T2,20.0,20250219,2769374004,2.310728223176853,2.2923061721323514,-0.018422051044501675,1.0
314225,T2,20.0,20250220,3251732514,0.5074782027741902,0.7055053836738185,0.19802718089962834,1.0
314225,T2,20.0,20250221,1798473181,1.3369180198803257,0.9285532572244866,-0.4083647626558391,1.0
314225,T2,20.0,20250222,3397254092,1.922425961122861,2.0131522029854887,0.09072624186262779,1.0
314225,T2,20.0,20250223,1361323143,0.1828631082640681,0.045759429884390634,-0.13710367837967746,0.631
314225,T3,0.0,20250212,223435618,5.30181416246068,3.528077947691415,-1.773736214769265,1.0
314225,T3,0.0,20250213,870498594,4.984969060724049,1.8687056208122037,-3.1162634399118456,0.631
314225,T3,0.0,20250214,460569366,5.508084716531265,5.989121746545038,0.4810370300137734,1.0
314225,T3,0.0,20250215,2947648704,-0.1209655820402417,1.8061230086194495,1.9270885906596913,0.01
314225,T3,0.0,20250216,3163222232,-0.0267110832011745,3.148110289858085,3.1748213730592596,0.01
314225,T3,0.0,20250217,3782709075,4.055255074693694,4.228164163559312,0.17290908886561862,0.631
314225,T3,0.0,20250218,2557609935,2.553351618881642,3.139000459540764,0.5856488406591218,0.631
314225,T3,0.0,20250219,2769374004,4.370643110368611,5.840035516234185,1.4693924058655732,1.0
314225,T3,0.0,20250220,3251732514,2.5166862574985185,-0.05299128226243785,-2.5696775397609564,0.631
314225,T3,0.0,20250221,1798473181,5.109619160675726,4.995901919744628,-0.11371724093109847,1.0
314225,T3,0.0,20250222,3397254092,4.743252649750987,5.526517711156261,0.7832650614052739,1.0
314225,T3,0.0,20250223,1361323143,5.186832408735668,1.8132461517791987,-3.37358625695647,0.631
314225,T3,5.0,20250212,223435618,5.30181416246068,2.3332652085209453,-2.9685489539397345,1.0
314225,T3,5.0,20250213,870498594,4.984969060724049,2.8511294404410794,-2.13383962028297,0.631
314225,T3,5.0,20250214,460569366,5.508084716531265,6.133300159757503,0.6252154432262387,1.0
314225,T3,5.0,20250215,2947648704,-0.1209655820402417,0.36338593866337016,0.48435152070361187,0.01
314225,T3,5.0,20250216,3163222232,-0.0267110832011745,2.65311775948571,2.6798288426868844,0.01
314225,T3,5.0,20250217,3782709075,4.055255074693694,2.6898508629741276,-1.3654042117195662,0.631
314225,T3,5.0,20250218,2557609935,2.553351618881642,0.2862650405840146,-2.2670865782976275,0.631
314225,T3,5.0,20250219,2769374004,4.370643110368611,6.447544875605109,2.0769017652364976,1.0
314225,T3,5.0,20250220,3251732514,2.5166862574985185,0.9414725621751412,-1.5752136953233773,0.631
314225,T3,5.0,20250221,1798473181,5.109619160675726,5.365179804588236,0.25556064391251,1.0
314225,T3,5.0,20250222,3397254092,4.743252649750987,5.550731986124312,0.8074793363733246,1.0
314225,T3,5.0,20250223,1361323143,5.186832408735668,0.7858972476253285,-4.40093516111034,0.631
314225,T3,10.0,20250212,223435618,5.30181416246068,1.7566212037886455,-3.5451929586720343,1.0
314225,T3,10.0,20250213,870498594,4.984969060724049,0.5328507316576605,-4.452118329066389,0.631
314225,T3,10.0,20250214,460569366,5.508084716531265,5.256399503643116,-0.25168521288814905,1.0
314225,T3,10.0,20250215,2947648704,-0.1209655820402417,1.015646506556127,1.1366120885963689,0.01
314225,T3,10.0,20250216,3163222232,-0.0267110832011745,1.389946696254686,1.4166577794558606,0.01
314225,T3,10.0,20250217,3782709075,4.055255074693694,2.1662558642860734,-1.8889992104076203,0.631
314225,T3,10.0,20250218,2557609935,2.553351618881642,-0.0160855332865494,-2.5694371521681916,0.631
314225,T3,10.0,20250219,2769374004,4.370643110368611,4.980867882307283,0.6102247719386718,1.0
314225,T3,10.0,20250220,3251732514,2.5166862574985185,0.7939201915511802,-1.7227660659473383,0.631
314225,T3,10.0,20250221,1798473181,5.109619160675726,4.282253509146508,-0.8273656515292185,1.0
314225,T3,10.0,20250222,3397254092,4.743252649750987,4.895844411520657,0.1525917617696697,1.0
314225,T3,10.0,20250223,1361323143,5.186832408735668,1.4754223955816226,-3.7114100131540457,0.631
314225,T3,20.0,20250212,223435618,5.30181416246068,3.7045023031733706,-1.5973118592873092,1.0
314225,T3,20.0,20250213,870498594,4.984969060724049,1.1634955945803682,-3.821473466143681,0.631
314225,T3,20.0,20250214,460569366,5.508084716531265,5.261841595000034,-0.24624312153123107,1.0
314225,T3,20.0,20250215,2947648704,-0.1209655820402417,2.154143197457506,2.2751087794977476,0.01
314225,T3,20.0,20250216,3163222232,-0.0267110832011745,3.132164732919316,3.1588758161204904,0.01
314225,T3,20.0,20250217,3782709075,4.055255074693694,2.1572530896623707,-1.898001985031323,0.631
314225,T3,20.0,20250218,2557609935,2.553351618881642,1.250922160616958,-1.302429458264684,0.631
314225,T3,20.0,20250219,2769374004,4.370643110368611,5.37169792253482,1.0010548121662088,1.0
314225,T3,20.0,20250220,3251732514,2.5166862574985185,0.6918423083723386,-1.8248439491261799,0.631
314225,T3,20.0,20250221,1798473181,5.109619160675726,4.989023230688257,-0.12059592998746904,1.0
314225,T3,20.0,20250222,3397254092,4.743252649750987,5.904682822800838,1.161430173049851,1.0
314225,T3,20.0,20250223,1361323143,5.186832408735668,0.5823770200756471,-4.604455388660021,0.631
333330,T2,0.0,20250212,1886145181,3.4692769713449776,2.9334756250973353,-0.5358013462476423,1.0
333330,T2,0.0,20250213,2700406798,1.954144868006085,1.0838391122132416,-0.8703057557928433,1.0
333330,T2,0.0,20250214,3645237674,1.255536032533314,0.841941244720565,-0.41359478781274905,1.0
333330,T2,0.0,20250215,3820724166,0.7323765465737067,0.4656037458989468,-0.26677280067475984,1.0
333330,T2,0.0,20250216,157647243,2.27568405503888,1.999461270123538,-0.27622278491534225,1.0
333330,T2,0.0,20250217,4280020944,1.2091166637831776,1.0472653130654752,-0.1618513507177024,1.0
333330,T2,0.0,20250218,3264752641,2.9755969015495136,2.282860210472794,-0.6927366910767194,1.0
333330,T2,0.0,20250219,180549849,2.5955055232818625,1.788096453489164,-0.8074090697926986,1.0
333330,T2,0.0,20250220,4028695801,3.1349445922612738,2.3645829160225067,-0.7703616762387671,1.0
333330,T2,0.0,20250221,325286492,0.6218676236663354,0.7971688303749178,0.1753012067085824,1.0
333330,T2,0.0,20250222,786148348,2.456254187748222,1.8589284069193464,-0.5973257808288754,1.0
333330,T2,0.0,20250223,716981171,3.7209724486409934,2.997428824489246,-0.7235436241517474,1.0
333330,T2,5.0,20250212,1886145181,3.4692769713449776,2.862890317038876,-0.6063866543061014,1.0
333330,T2,5.0,20250213,2700406798,1.954144868006085,1.687038188991779,-0.26710667901430596,1.0
333330,T2,5.0,20250214,3645237674,1.255536032533314,1.666422335530771,0.410886302997457,1.0
333330,T2,5.0,20250215,3820724166,0.7323765465737067,1.0100671580737965,0.2776906115000899,1.0
333330,T2,5.0,20250216,157647243,2.27568405503888,2.576403792475922,0.30071973743704206,1.0
333330,T2,5.0,20250217,4280020944,1.2091166637831776,1.7605802606215772,0.5514635968383996,1.0
333330,T2,5.0,20250218,3264752641,2.9755969015495136,2.7222507061656405,-0.25334619538387315,1.0
333330,T2,5.0,20250219,180549849,2.5955055232818625,2.1366123616668995,-0.45889316161496296,1.0
333330,T2,5.0,20250220,4028695801,3.1349445922612738,2.589441973969092,-0.5455026182921818,1.0
333330,T2,5.0,20250221,325286492,0.6218676236663354,1.2862981938989426,0.6644305702326072,1.0
333330,T2,5.0,20250222,786148348,2.456254187748222,2.0475874849071083,-0.4086667028411135,1.0
333330,T2,5.0,20250223,716981171,3.7209724486409934,2.9186464502899128,-0.8023259983510806,1.0
333330,T2,10.0,20250212,1886145181,3.4692769713449776,2.8113727583968338,-0.6579042129481438,1.0
333330,T2,10.0,20250213,2700406798,1.954144868006085,1.5470648901371291,-0.4070799778689558,1.0
333330,T2,10.0,20250214,3645237674,1.255536032533314,1.4158874602104277,0.16035142767711363,1.0
333330,T2,10.0,20250215,3820724166,0.7323765465737067,0.323664613798893,-0.40871193277481366,1.0
333330,T2,10.0,20250216,157647243,2.27568405503888,2.3938129547357763,0.1181288996968961,1.0
333330,T2,10.0,20250217,4280020944,1.2091166637831776,1.990590380098297,0.7814737163151193,1.0
333330,T2,10.0,20250218,3264752641,2.9755969015495136,2.503623068191523,-0.4719738333579908,1.0
333330,T2,10.0,20250219,180549849,2.5955055232818625,2.802293298542784,0.2067877752609215,1.0
333330,T2,10.0,20250220,4028695801,3.1349445922612738,2.6069720087617094,-0.5279725834995643,1.0
333330,T2,10.0,20250221,325286492,0.6218676236663354,0.7211205043154307,0.09925288064909532,1.0
333330,T2,10.0,20250222,786148348,2.456254187748222,1.9478425161369097,-0.5084116716113121,1.0
333330,T2,10.0,20250223,716981171,3.7209724486409934,3.1885073474027177,-0.5324651012382757,1.0
333330,T2,20.0,20250212,1886145181,3.4692769713449776,2.814132966569768,-0.6551440047752095,1.0
333330,T2,20.0,20250213,2700406798,1.954144868006085,1.3790260727713657,-0.5751187952347192,1.0
333330,T2,20.0,20250214,3645237674,1.255536032533314,0.7807191344064393,-0.4748168981268748,1.0
333330,T2,20.0,20250215,3820724166,0.7323765465737067,0.38504257963355704,-0.3473339669401496,1.0
333330,T2,20.0,20250216,157647243,2.27568405503888,1.8617967802471629,-0.4138872747917173,1.0
333330,T2,20.0,20250217,4280020944,1.2091166637831776,1.1562682979717147,-0.052848365811462905,1.0
333330,T2,20.0,20250218,3264752641,2.9755969015495136,2.1940295948791917,-0.7815673066703219,1.0
333330,T2,20.0,20250219,180549849,2.5955055232818625,2.12153965061637,-0.4739658726654925,1.0
333330,T2,20.0,20250220,4028695801,3.1349445922612738,2.3736703110774293,-0.7612742811838444,1.0
333330,T2,20.0,20250221,325286492,0.6218676236663354,0.7309673783553561,0.10909975468902067,1.0
333330,T2,20.0,20250222,786148348,2.456254187748222,1.983039091925078,-0.4732150958231438,1.0
333330,T2,20.0,20250223,716981171,3.7209724486409934,2.954608919436868,-0.7663635292041255,1.0
333330,T3,0.0,20250212,1886145181,-0.3637181052689087,0.030841397106026854,0.39455950237493553,0.01
333330,T3,0.0,20250213,2700406798,3.1820959640204407,3.8548611273828195,0.6727651633623788,0.631
333330,T3,0.0,20250214,3645237674,1.7244926296660683,3.4706817176142515,1.7461890879481832,0.251
333330,T3,0.0,20250215,3820724166,1.6495782263743235,2.184597837541844,0.5350196111675205,0.251
333330,T3,0.0,20250216,157647243,1.752465419680263,1.719504633499052,-0.0329607861812109,0.631
333330,T3,0.0,20250217,4280020944,1.2467167719175904,2.2286524708720563,0.9819356989544659,0.251
333330,T3,0.0,20250218,3264752641,4.348025505524818,4.204737863212492,-0.14328764231232594,0.631
333330,T3,0.0,20250219,180549849,-0.3560908200990056,-0.2149034728821668,0.14118734721683882,0.01
333330,T3,0.0,20250220,4028695801,4.074322881551633,4.413786943520824,0.3394640619691911,0.631
333330,T3,0.0,20250221,325286492,1.9844105084933403,1.5500465984877911,-0.4343639100055492,0.251
333330,T3,0.0,20250222,786148348,0.8478487375058421,2.695983020037346,1.848134282531504,0.251
333330,T3,0.0,20250223,716981171,1.7420227486794424,0.3977641334919575,-1.344258615187485,0.251
333330,T3,5.0,20250212,1886145181,-0.3637181052689087,-0.0447741353278026,0.3189439699411061,0.01
333330,T3,5.0,20250213,2700406798,3.1820959640204407,1.8703279976554477,-1.311767966364993,0.631
333330,T3,5.0,20250214,3645237674,1.7244926296660683,2.1349910930616964,0.4104984633956281,0.251
333330,T3,5.0,20250215,3820724166,1.6495782263743235,0.9574051798927845,-0.692173046481539,0.251
333330,T3,5.0,20250216,157647243,1.752465419680263,1.8661743676210811,0.1137089479408182,0.631
333330,T3,5.0,20250217,4280020944,1.2467167719175904,1.9944731132017317,0.7477563412841413,0.251
333330,T3,5.0,20250218,3264752641,4.348025505524818,4.32475252423675,-0.023272981288068095,0.631
333330,T3,5.0,20250219,180549849,-0.3560908200990056,0.10443782360810161,0.4605286437071072,0.01
333330,T3,5.0,20250220,4028695801,4.074322881551633,4.512158263047251,0.43783538149561796,0.631
333330,T3,5.0,20250221,325286492,1.9844105084933403,0.6534728023119989,-1.3309377061813414,0.251
333330,T3,5.0,20250222,786148348,0.8478487375058421,3.7629790661797706,2.9151303286739285,0.251
333330,T3,5.0,20250223,716981171,1.7420227486794424,-0.06499391992251086,-1.8070166686019533,0.251
333330,T3,10.0,20250212,1886145181,-0.3637181052689087,-0.07233803960433599,0.2913800656645727,0.01
333330,T3,10.0,20250213,2700406798,3.1820959640204407,0.5037806291746277,-2.678315334845813,0.631
333330,T3,10.0,20250214,3645237674,1.7244926296660683,2.088807444308946,0.36431481464287785,0.251
333330,T3,10.0,20250215,3820724166,1.6495782263743235,0.14587838591361718,-1.5036998404607063,0.251
333330,T3,10.0,20250216,157647243,1.752465419680263,1.7767258904189607,0.024260470738697748,0.631
333330,T3,10.0,20250217,4280020944,1.2467167719175904,1.8105963570782055,0.5638795851606151,0.251
333330,T3,10.0,20250218,3264752641,4.348025505524818,2.8070515386314074,-1.5409739668934108,0.631
333330,T3,10.0,20250219,180549849,-0.3560908200990056,-0.02621120792675665,0.329879612172249,0.01
333330,T3,10.0,20250220,4028695801,4.074322881551633,2.298165429858474,-1.7761574516931589,0.631
333330,T3,10.0,20250221,325286492,1.9844105084933403,1.3021820047049744,-0.682228503788366,0.251
333330,T3,10.0,20250222,786148348,0.8478487375058421,3.304996224469331,2.457147486963489,0.251
333330,T3,10.0,20250223,716981171,1.7420227486794424,-0.031168056111738403,-1.7731908047911809,0.251
333330,T3,20.0,20250212,1886145181,-0.3637181052689087,0.19086952984056538,0.5545876351094741,0.01
333330,T3,20.0,20250213,2700406798,3.1820959640204407,2.84438670709814,-0.3377092569223006,0.631
333330,T3,20.0,20250214,3645237674,1.7244926296660683,3.1660109028418333,1.441518273175765,0.251
333330,T3,20.0,20250215,3820724166,1.6495782263743235,2.8717911877796025,1.222212961405279,0.251
333330,T3,20.0,20250216,157647243,1.752465419680263,2.2969455348848724,0.5444801152046095,0.631
333330,T3,20.0,20250217,4280020944,1.2467167719175904,2.670713009109468,1.4239962371918775,0.251
333330,T3,20.0,20250218,3264752641,4.348025505524818,3.9178967518568344,-0.43012875366798387,0.631
333330,T3,20.0,20250219,180549849,-0.3560908200990056,0.0645757024311137,0.4206665225301193,0.01
333330,T3,20.0,20250220,4028695801,4.074322881551633,4.538198647612154,0.4638757660605206,0.631
333330,T3,20.0,20250221,325286492,1.9844105084933403,0.8179083801050844,-1.166502128388256,0.251
333330,T3,20.0,20250222,786148348,0.8478487375058421,3.1843949631138138,2.3365462256079716,0.251
333330,T3,20.0,20250223,716981171,1.7420227486794424,0.6075160532299595,-1.134506695449483,0.251
519647,T2,0.0,20250212,1383813805,2.029309250151524,1.045215985217438,-0.9840932649340859,0.631
519647,T2,0.0,20250213,1623793398,1.6219147500518645,0.19387423818464986,-1.4280405118672146,1.0
519647,T2,0.0,20250214,2324211238,1.665690593136091,0.7138822500695303,-0.9518083430665607,1.0
519647,T2,0.0,20250215,238365436,2.2714927675831103,1.1235938490127553,-1.147898918570355,1.0
519647,T2,0.0,20250216,3545565151,2.2153382765786445,1.5765918611799057,-0.6387464153987388,1.0
519647,T2,0.0,20250217,796091233,1.8357846944873728,0.6364829889233588,-1.199301705564014,1.0
519647,T2,0.0,20250218,643696698,1.373474337638168,0.6767782496770729,-0.6966960879610951,1.0
519647,T2,0.0,20250219,1911724196,2.2884403120361707,1.3090939091081775,-0.9793464029279932,1.0
519647,T2,0.0,20250220,1581787674,0.8516971312369055,-0.261670142552644,-1.1133672737895495,0.631
519647,T2,0.0,20250221,3889056529,1.7878710536036633,1.5321109779347213,-0.255760075668942,1.0
519647,T2,0.0,20250222,3941048712,1.7802396201401711,0.0667422620290834,-1.7134973581110877,0.631
519647,T2,0.0,20250223,3329044763,2.5329210225412337,1.3633100629402621,-1.1696109596009716,1.0
519647,T2,5.0,20250212,1383813805,2.029309250151524,1.5032781407323874,-0.5260311094191366,0.631
519647,T2,5.0,20250213,1623793398,1.6219147500518645,1.5349516021473262,-0.0869631479045383,1.0
519647,T2,5.0,20250214,2324211238,1.665690593136091,1.4458604252762486,-0.21983016785984244,1.0
519647,T2,5.0,20250215,238365436,2.2714927675831103,1.8015233371024204,-0.46996943048068984,1.0
519647,T2,5.0,20250216,3545565151,2.2153382765786445,1.8790667120548807,-0.3362715645237637,1.0
519647,T2,5.0,20250217,796091233,1.8357846944873728,1.1269400238639697,-0.7088446706234031,1.0
519647,T2,5.0,20250218,643696698,1.373474337638168,1.68859770416275,0.31512336652458206,1.0
519647,T2,5.0,20250219,1911724196,2.2884403120361707,1.613034409145695,-0.6754059028904758,1.0
519647,T2,5.0,20250220,1581787674,0.8516971312369055,0.025386243262654595,-0.8263108879742509,0.631
519647,T2,5.0,20250221,3889056529,1.7878710536036633,1.6373392371566111,-0.15053181644705216,1.0
519647,T2,5.0,20250222,3941048712,1.7802396201401711,1.439014648507571,-0.3412249716326001,0.631
519647,T2,5.0,20250223,3329044763,2.5329210225412337,1.8828037355209775,-0.6501172870202563,1.0
519647,T2,10.0,20250212,1383813805,2.029309250151524,1.5226901200251524,-0.5066191301263716,0.631
519647,T2,10.0,20250213,1623793398,1.6219147500518645,1.4792051239657447,-0.1427096260861198,1.0
519647,T2,10.0,20250214,2324211238,1.665690593136091,1.5830804769713538,-0.08261011616473724,1.0
519647,T2,10.0,20250215,238365436,2.2714927675831103,1.868541529966497,-0.40295123761661333,1.0
519647,T2,10.0,20250216,3545565151,2.2153382765786445,1.8672343537141773,-0.3481039228644671,1.0
519647,T2,10.0,20250217,796091233,1.8357846944873728,1.2021768580556698,-0.633607836431703,1.0
519647,T2,10.0,20250218,643696698,1.373474337638168,1.6607492879326644,0.28727495029449646,1.0
519647,T2,10.0,20250219,1911724196,2.2884403120361707,1.5491199326430336,-0.7393203793931371,1.0
519647,T2,10.0,20250220,1581787674,0.8516971312369055,-0.4952708601304927,-1.3469679913673982,0.631
519647,T2,10.0,20250221,3889056529,1.7878710536036633,1.7783138665059965,-0.00955718709766673,1.0
519647,T2,10.0,20250222,3941048712,1.7802396201401711,1.587295097968938,-0.19294452217123315,0.631
519647,T2,10.0,20250223,3329044763,2.5329210225412337,1.984382031095082,-0.5485389914461518,1.0
519647,T2,20.0,20250212,1383813805,2.029309250151524,1.6682146781720317,-0.36109457197949224,0.631
519647,T2,20.0,20250213,1623793398,1.6219147500518645,1.1864868145928278,-0.4354279354590367,1.0
519647,T2,20.0,20250214,2324211238,1.665690593136091,1.2862936755425842,-0.3793969175935068,1.0
519647,T2,20.0,20250215,238365436,2.2714927675831103,1.8911825783611342,-0.380310189221976,1.0
519647,T2,20.0,20250216,3545565151,2.2153382765786445,1.9078026841758915,-0.30753559240275297,1.0
519647,T2,20.0,20250217,796091233,1.8357846944873728,1.2402447837610193,-0.5955399107263535,1.0
519647,T2,20.0,20250218,643696698,1.373474337638168,1.2951462100576525,-0.07832812758051544,1.0
519647,T2,20.0,20250219,1911724196,2.2884403120361707,1.7426182678234392,-0.5458220442127315,1.0
519647,T2,20.0,20250220,1581787674,0.8516971312369055,-0.37177524153677854,-1.223472372773684,0.631
519647,T2,20.0,20250221,3889056529,1.7878710536036633,1.7954237484577649,0.007552694854101594,1.0
519647,T2,20.0,20250222,3941048712,1.7802396201401711,1.2657219978502399,-0.5145176222899313,0.631
519647,T2,20.0,20250223,3329044763,2.5329210225412337,2.1250012948055863,-0.40791972773564744,1.0
519647,T3,0.0,20250212,1383813805,5.007818615878026,3.2552671170064986,-1.7525514988715276,0.631
519647,T3,0.0,20250213,1623793398,5.035551456275671,5.420654285143378,0.38510282886770675,0.631
519647,T3,0.0,20250214,2324211238,-0.0343323136607551,-0.1252900594020083,-0.0909577457412532,0.01
519647,T3,0.0,20250215,238365436,3.642372851379324,3.4221186427640458,-0.2202542086152781,0.631
519647,T3,0.0,20250216,3545565151,-0.7096441539368001,-0.2920986104193232,0.4175455435174769,0.01
519647,T3,0.0,20250217,796091233,4.387175970388654,8.037630241288216,3.650454270899562,0.631
519647,T3,0.0,20250218,643696698,0.1148893792767165,3.3020859285186592,3.1871965492419427,0.251
519647,T3,0.0,20250219,1911724196,5.564388998384356,7.909647156972118,2.345258158587762,1.0
519647,T3,0.0,20250220,1581787674,2.556943431883269,3.009992521071503,0.4530490891882337,0.251
519647,T3,0.0,20250221,3889056529,4.268472856872187,2.2150926217805385,-2.053380235091648,0.631
519647,T3,0.0,20250222,3941048712,3.512347006981308,1.0502117260970092,-2.462135280884299,0.631
519647,T3,0.0,20250223,3329044763,5.676805219486476,7.215540295687541,1.538735076201065,1.0
519647,T3,5.0,20250212,1383813805,5.007818615878026,5.216401826526239,0.2085832106482126,0.631
519647,T3,5.0,20250213,1623793398,5.035551456275671,5.906061824877224,0.8705103686015523,0.631
519647,T3,5.0,20250214,2324211238,-0.0343323136607551,-0.16870623513478827,-0.13437392147403318,0.01
519647,T3,5.0,20250215,238365436,3.642372851379324,1.763243371704867,-1.8791294796744569,0.631
519647,T3,5.0,20250216,3545565151,-0.7096441539368001,-0.3402915440616674,0.36935260987513274,0.01
519647,T3,5.0,20250217,796091233,4.387175970388654,5.6419812351067,1.2548052647180459,0.631
519647,T3,5.0,20250218,643696698,0.1148893792767165,1.705950352868376,1.5910609735916594,0.251
519647,T3,5.0,20250219,1911724196,5.564388998384356,4.949042369568671,-0.6153466288156846,1.0
519647,T3,5.0,20250220,1581787674,2.556943431883269,2.078148358151319,-0.4787950737319502,0.251
519647,T3,5.0,20250221,3889056529,4.268472856872187,1.3686835328486655,-2.899789324023521,0.631
519647,T3,5.0,20250222,3941048712,3.512347006981308,0.595844099908982,-2.916502907072326,0.631
519647,T3,5.0,20250223,3329044763,5.676805219486476,5.740401286984477,0.0635960674980014,1.0
519647,T3,10.0,20250212,1383813805,5.007818615878026,6.050039425363037,1.042220809485011,0.631
519647,T3,10.0,20250213,1623793398,5.035551456275671,4.242933988831707,-0.7926174674439643,0.631
519647,T3,10.0,20250214,2324211238,-0.0343323136607551,-0.3461669666565186,-0.31183465299576346,0.01
519647,T3,10.0,20250215,238365436,3.642372851379324,1.9497753373132838,-1.69259751406604,0.631
519647,T3,10.0,20250216,3545565151,-0.7096441539368001,-0.5081346509794145,0.20150950295738568,0.01
519647,T3,10.0,20250217,796091233,4.387175970388654,4.900137802517346,0.512961832128692,0.631
519647,T3,10.0,20250218,643696698,0.1148893792767165,0.3454371935352824,0.2305478142585659,0.251
519647,T3,10.0,20250219,1911724196,5.564388998384356,5.793009550102564,0.22862055171820828,1.0
519647,T3,10.0,20250220,1581787674,2.556943431883269,0.9887082951715592,-1.56823513671171,0.251
519647,T3,10.0,20250221,3889056529,4.268472856872187,-0.0950161887499909,-4.3634890456221775,0.631
519647,T3,10.0,20250222,3941048712,3.512347006981308,0.34570594433249546,-3.1666410626488126,0.631
519647,T3,10.0,20250223,3329044763,5.676805219486476,6.793395580606926,1.1165903611204504,1.0
519647,T3,20.0,20250212,1383813805,5.007818615878026,4.959714407090135,-0.048104208787891345,0.631
519647,T3,20.0,20250213,1623793398,5.035551456275671,2.8479543435078636,-2.1875971127678078,0.631
519647,T3,20.0,20250214,2324211238,-0.0343323136607551,-0.24651283313629335,-0.21218051947553826,0.01
519647,T3,20.0,20250215,238365436,3.642372851379324,1.4689215999208134,-2.1734512514585105,0.631
519647,T3,20.0,20250216,3545565151,-0.7096441539368001,-0.3728536795315023,0.33679047440529786,0.01
519647,T3,20.0,20250217,796091233,4.387175970388654,3.110805997044528,-1.276369973344126,0.631
519647,T3,20.0,20250218,643696698,0.1148893792767165,0.2753434347366994,0.16045405545998292,0.251
519647,T3,20.0,20250219,1911724196,5.564388998384356,5.945688092253917,0.3812990938695613,1.0
519647,T3,20.0,20250220,1581787674,2.556943431883269,0.23572117607825405,-2.321222255805015,0.251
519647,T3,20.0,20250221,3889056529,4.268472856872187,0.2724528789670427,-3.996019977905144,0.631
519647,T3,20.0,20250222,3941048712,3.512347006981308,-0.1340503519113163,-3.6463973588926244,0.631
519647,T3,20.0,20250223,3329044763,5.676805219486476,5.551827833470641,-0.12497738601583475,1.0
