subject,B_freeze_pct,shuffle_id,M1,M1_orig,d_M1,M2,M2_orig,d_M2,M3,M3_orig,d_M3,M4,M4_orig,d_M4,M5,M5_orig,d_M5,M6,M6_orig,d_M6,M7,M7_orig,d_M7,M8,M8_orig,d_M8,delta_G_median
100206,0.0,0,1.1811622547343632,1.2708151331483273,-0.08965287841396408,0.14207734409730224,0.13132207539198057,0.010755268705321674,2.4600967911295905e-15,0.0,2.4600967911295905e-15,0.7982142857142858,0.86875,-0.07053571428571426,0.042105263157894736,0.03684210526315789,0.005263157894736845,0.15850560295324634,0.161405253471683,-0.0028996505184366583,0.43808582711518107,0.43808582711518024,8.326672684688674e-16,0.5015435698165489,0.5933135819497701,-0.09177001213322122,0.27112543357387275
100206,0.0,1,1.4046433707309394,1.2708151331483273,0.1338282375826121,0.13877139463473934,0.13132207539198057,0.007449319242758767,5.016566809253161e-16,0.0,5.016566809253161e-16,0.7572727272727272,0.86875,-0.11147727272727281,0.03684210526315789,0.03684210526315789,0.0,0.14852416466869284,0.161405253471683,-0.01288108880299016,0.43808582711518074,0.43808582711518024,4.996003610813204e-16,0.4618611550301117,0.5933135819497701,-0.13145242691965842,1.9909061966495143
100206,0.0,2,1.1048108777707024,1.2708151331483273,-0.16600425537762487,0.14174180922108895,0.13132207539198057,0.01041973382910838,9.261506887364481e-16,0.0,9.261506887364481e-16,0.6362745098039215,0.86875,-0.2324754901960785,0.042105263157894736,0.03684210526315789,0.005263157894736845,0.1392783534657447,0.161405253471683,-0.02212690000593831,0.4380858271151806,0.43808582711518024,3.885780586188048e-16,0.4707836507566201,0.5933135819497701,-0.12252993119315003,0.5501572091209117
100206,0.0,3,1.6182000324895949,1.2708151331483273,0.3473848993412676,0.15132466482312448,0.13132207539198057,0.020002589431143913,1.2922239330620496e-15,0.0,1.2922239330620496e-15,0.7718181818181818,0.86875,-0.09693181818181817,0.042105263157894736,0.03684210526315789,0.005263157894736845,0.1433142143855159,0.161405253471683,-0.018091039086167104,0.43808582711518046,0.43808582711518024,2.220446049250313e-16,0.6091839308028697,0.5933135819497701,0.01587034885309957,1.2688179936275894
100206,0.0,4,1.1253308834493394,1.2708151331483273,-0.14548424969898788,0.1481626992885631,0.13132207539198057,0.01684062389658253,0.0,0.0,0.0,0.7307692307692307,0.86875,-0.1379807692307693,0.03684210526315789,0.03684210526315789,0.0,0.145195937767296,0.161405253471683,-0.016209315704386995,0.43808582711518024,0.43808582711518024,0.0,0.2653288121933514,0.5933135819497701,-0.3279847697564187,0.5819198074610212
100206,0.0,5,1.2629634366816251,1.2708151331483273,-0.00785169646670214,0.13754199770160305,0.13132207539198057,0.006219922309622483,8.967209913705024e-16,0.0,8.967209913705024e-16,0.7446428571428572,0.86875,-0.12410714285714286,0.031578947368421054,0.03684210526315789,-0.005263157894736838,0.141814317419996,0.161405253471683,-0.01959093605168699,0.43808582711517957,0.43808582711518024,-6.661338147750939e-16,0.7500436731092592,0.5933135819497701,0.1567300911594891,0.2595068146874593
100206,0.0,6,1.1839280729861366,1.2708151331483273,-0.08688706016219072,0.13715704107902352,0.13132207539198057,0.005834965687042948,1.4050671177041888e-16,0.0,1.4050671177041888e-16,0.7851851851851852,0.86875,-0.08356481481481481,0.042105263157894736,0.03684210526315789,0.005263157894736845,0.15179204885963155,0.161405253471683,-0.009613204612051451,0.43808582711517957,0.43808582711518024,-6.661338147750939e-16,0.7073825815226592,0.5933135819497701,0.11406899957288907,0.2342976225904425
100206,0.0,7,1.6454957898730442,1.2708151331483273,0.37468065672471695,0.1455751837097324,0.13132207539198057,0.01425310831775184,0.0,0.0,0.0,0.6645454545454546,0.86875,-0.20420454545454547,0.03684210526315789,0.03684210526315789,0.0,0.13754686508168756,0.161405253471683,-0.023858388389995433,0.43808582711518024,0.43808582711518024,0.0,0.2370762511877563,0.5933135819497701,-0.3562373307620138,1.5076756091412808
100206,5.0,0,1.254735599612082,1.2708151331483273,-0.01607953353624536,0.14344066007201983,0.13132207539198057,0.012118584680039263,0.0,0.0,0.0,0.725925925925926,0.86875,-0.14282407407407405,0.031578947368421054,0.03684210526315789,-0.005263157894736838,0.15175519941349513,0.161405253471683,-0.009650054058187862,0.43808582711518024,0.43808582711518024,0.0,0.19612509098227965,0.5933135819497701,-0.3971884909674905,0.44235358798242874
100206,5.0,1,1.238203798782451,1.2708151331483273,-0.032611334365876266,0.14100562095524424,0.13132207539198057,0.009683545563263674,0.0,0.0,0.0,0.7703703703703704,0.86875,-0.09837962962962965,0.042105263157894736,0.03684210526315789,0.005263157894736845,0.15139377298981654,0.161405253471683,-0.010011480481866453,0.43808582711518024,0.43808582711518024,0.0,0.15303911287347077,0.5933135819497701,-0.44027446907629936,0.5820929618811934
100206,5.0,2,1.1865735690361279,1.2708151331483273,-0.08424156411219941,0.13955082700728566,0.13132207539198057,0.008228751615305091,0.0,0.0,0.0,0.6726415094339623,0.86875,-0.19610849056603774,0.03684210526315789,0.03684210526315789,0.0,0.14681419922577418,0.161405253471683,-0.014591054245908813,0.43808582711518024,0.43808582711518024,0.0,0.17047036921879194,0.5933135819497701,-0.4228432127309782,2.1368937153395877
100206,5.0,3,1.2178951973030556,1.2708151331483273,-0.05291993584527166,0.14633126891150094,0.13132207539198057,0.015009193519520375,1.0522184634784718e-16,0.0,1.0522184634784718e-16,0.7394736842105264,0.86875,-0.12927631578947363,0.03684210526315789,0.03684210526315789,0.0,0.14261647724000834,0.161405253471683,-0.01878877623167466,0.4380858271151802,0.43808582711518024,-5.551115123125783e-17,0.48708032604596746,0.5933135819497701,-0.10623325590380267,0.6017344433824228
100206,5.0,4,1.6095984453205054,1.2708151331483273,0.33878331217217816,0.1414708034131685,0.13132207539198057,0.010148728021187936,2.447593319680144e-16,0.0,2.447593319680144e-16,0.7675438596491228,0.86875,-0.10120614035087727,0.03684210526315789,0.03684210526315789,0.0,0.14933324937783876,0.161405253471683,-0.012072004093844235,0.4380858271151809,0.43808582711518024,6.661338147750939e-16,0.6574161214947787,0.5933135819497701,0.06410253954500855,1.5669012634555979
100206,5.0,5,1.2448058135711881,1.2708151331483273,-0.026009319577139145,0.141574905208965,0.13132207539198057,0.010252829816984443,0.0,0.0,0.0,0.75,0.86875,-0.11875000000000002,0.03684210526315789,0.03684210526315789,0.0,0.15464809823319375,0.161405253471683,-0.006757155238489243,0.43808582711518024,0.43808582711518024,0.0,0.5237745069468334,0.5933135819497701,-0.06953907500293677,0.2867863285567127
100206,5.0,6,1.406724175965747,1.2708151331483273,0.13590904281741967,0.14071270166243496,0.13132207539198057,0.009390626270454394,1.0892151634627468e-15,0.0,1.0892151634627468e-15,0.7273584905660376,0.86875,-0.1413915094339624,0.031578947368421054,0.03684210526315789,-0.005263157894736838,0.15934541274381467,0.161405253471683,-0.0020598407278683284,0.43808582711518085,0.43808582711518024,6.106226635438361e-16,0.7682545959485405,0.5933135819497701,0.17494101399877038,0.7433058401835413
100206,5.0,7,1.1842518725272704,1.2708151331483273,-0.0865632606210569,0.14414126822458959,0.13132207539198057,0.012819192832609017,0.0,0.0,0.0,0.7877358490566038,0.86875,-0.08101415094339626,0.04736842105263158,0.03684210526315789,0.01052631578947369,0.14702629573499665,0.161405253471683,-0.014378957736686349,0.43808582711518024,0.43808582711518024,0.0,0.1839034003076864,0.5933135819497701,-0.40941018164208376,1.3153549327886886
100206,10.0,0,1.435268151057869,1.2708151331483273,0.1644530179095418,0.13577101844420325,0.13132207539198057,0.004448943052222681,0.0,0.0,0.0,0.7461538461538462,0.86875,-0.12259615384615385,0.03684210526315789,0.03684210526315789,0.0,0.14660922806933457,0.161405253471683,-0.014796025402348423,0.43808582711518024,0.43808582711518024,0.0,0.7133546392895712,0.5933135819497701,0.12004105733980108,0.5988230149809577
100206,10.0,1,1.3039931334540662,1.2708151331483273,0.03317800030573892,0.13907872614993486,0.13132207539198057,0.0077566507579542865,0.0,0.0,0.0,0.73,0.86875,-0.13875000000000004,0.031578947368421054,0.03684210526315789,-0.005263157894736838,0.16013249849115746,0.161405253471683,-0.0012727549805255367,0.43808582711518024,0.43808582711518024,0.0,0.6731757867264344,0.5933135819497701,0.07986220477666428,0.43611526793157696
100206,10.0,2,1.157388786476286,1.2708151331483273,-0.11342634667204132,0.13724407871611333,0.13132207539198057,0.005922003324132757,0.0,0.0,0.0,0.746,0.86875,-0.12275000000000003,0.04736842105263158,0.03684210526315789,0.01052631578947369,0.15429560500300035,0.161405253471683,-0.0071096484686826444,0.43808582711518024,0.43808582711518024,0.0,0.27939456810740043,0.5933135819497701,-0.3139190138423697,1.2411792078346413
100206,10.0,3,2.048520598335698,1.2708151331483273,0.7777054651873709,0.14332937350746527,0.13132207539198057,0.012007298115484705,0.0,0.0,0.0,0.8078947368421053,0.86875,-0.06085526315789469,0.04736842105263158,0.03684210526315789,0.01052631578947369,0.1589662457302607,0.161405253471683,-0.0024390077414223055,0.43808582711518024,0.43808582711518024,0.0,0.4801207405938698,0.5933135819497701,-0.11319284135590035,1.9901369376599178
100206,10.0,4,1.1612950684346792,1.2708151331483273,-0.10952006471364806,0.1417572419592009,0.13132207539198057,0.010435166567220322,0.0,0.0,0.0,0.6892156862745098,0.86875,-0.17953431372549022,0.03684210526315789,0.03684210526315789,0.0,0.1506668957247804,0.161405253471683,-0.0107383577469026,0.43808582711518024,0.43808582711518024,0.0,0.2648794343657016,0.5933135819497701,-0.3284341475840685,1.0757278965495187
100206,10.0,5,1.2756360200860144,1.2708151331483273,0.004820886937687119,0.14078717645553943,0.13132207539198057,0.009465101063558856,0.0,0.0,0.0,0.7944444444444445,0.86875,-0.07430555555555551,0.031578947368421054,0.03684210526315789,-0.005263157894736838,0.14720490859069263,0.161405253471683,-0.014200344880990368,0.43808582711518024,0.43808582711518024,0.0,0.37850409290119275,0.5933135819497701,-0.21480948904857738,0.8389610367226544
100206,10.0,6,1.1596061803776094,1.2708151331483273,-0.11120895277071785,0.14317448330557705,0.13132207539198057,0.011852407913596485,0.0,0.0,0.0,0.7311320754716981,0.86875,-0.1376179245283019,0.031578947368421054,0.03684210526315789,-0.005263157894736838,0.15354480741633783,0.161405253471683,-0.007860446055345166,0.43808582711518024,0.43808582711518024,0.0,0.6618897468758275,0.5933135819497701,0.06857616492605734,0.8805766899023366
100206,10.0,7,1.4959079293976316,1.2708151331483273,0.22509279624930434,0.14791733967583698,0.13132207539198057,0.01659526428385641,3.4055180814844435e-15,0.0,3.4055180814844435e-15,0.6346153846153846,0.86875,-0.23413461538461544,0.031578947368421054,0.03684210526315789,-0.005263157894736838,0.14127503281961928,0.161405253471683,-0.020130220652063713,0.4380858271151803,0.43808582711518024,5.551115123125783e-17,0.19679056432306116,0.5933135819497701,-0.39652301762670894,1.2055048690712025
100206,20.0,0,1.1750659115199409,1.2708151331483273,-0.0957492216283864,0.13517680700949633,0.13132207539198057,0.003854731617515761,2.921613947469401e-15,0.0,2.921613947469401e-15,0.7769230769230769,0.86875,-0.09182692307692308,0.03684210526315789,0.03684210526315789,0.0,0.16044727410519072,0.161405253471683,-0.0009579793664922787,0.4380858271151808,0.43808582711518024,5.551115123125783e-16,0.693619300575556,0.5933135819497701,0.10030571862578586,0.38957672309332914
100206,20.0,1,1.1849376711298376,1.2708151331483273,-0.08587746201848967,0.1354879963329154,0.13132207539198057,0.00416592094093482,0.0,0.0,0.0,0.7478723404255319,0.86875,-0.12087765957446817,0.02631578947368421,0.03684210526315789,-0.010526315789473682,0.15005815868394431,0.161405253471683,-0.011347094787738682,0.43808582711518024,0.43808582711518024,0.0,0.2378425683642933,0.5933135819497701,-0.35547101358547684,0.2692418680588826
100206,20.0,2,1.4285523548540735,1.2708151331483273,0.15773722170574622,0.1317550490568215,0.13132207539198057,0.00043297366484093547,0.0,0.0,0.0,0.7704081632653061,0.86875,-0.09834183673469388,0.02631578947368421,0.03684210526315789,-0.010526315789473682,0.15881416984502295,0.161405253471683,-0.002591083626660051,0.43808582711518024,0.43808582711518024,0.0,0.17300250042082385,0.5933135819497701,-0.42031108152894625,0.39357096973645733
100206,20.0,3,1.1394381659462764,1.2708151331483273,-0.13137696720205083,0.14260828134513867,0.13132207539198057,0.011286205953158102,7.234960430907005e-16,0.0,7.234960430907005e-16,0.781578947368421,0.86875,-0.08717105263157898,0.042105263157894736,0.03684210526315789,0.005263157894736845,0.15704394205639466,0.161405253471683,-0.004361311415288338,0.4380858271151803,0.43808582711518024,5.551115123125783e-17,0.5420255072750478,0.5933135819497701,-0.051288074674722295,1.0231034033220734
100206,20.0,4,1.558604314843471,1.2708151331483273,0.28778918169514367,0.1377382090010784,0.13132207539198057,0.006416133609097818,0.0,0.0,0.0,0.75,0.86875,-0.11875000000000002,0.042105263157894736,0.03684210526315789,0.005263157894736845,0.15900875078771168,0.161405253471683,-0.002396502683971319,0.43808582711518024,0.43808582711518024,0.0,0.7651595613469352,0.5933135819497701,0.17184597939716506,1.2259093895199413
100206,20.0,5,1.5017099091644375,1.2708151331483273,0.2308947760161102,0.1367783631227779,0.13132207539198057,0.005456287730797343,3.8081557272073834e-15,0.0,3.8081557272073834e-15,0.7216981132075472,0.86875,-0.14705188679245285,0.031578947368421054,0.03684210526315789,-0.005263157894736838,0.15981320022911163,0.161405253471683,-0.0015920532425713618,0.4380858271151805,0.43808582711518024,2.7755575615628914e-16,0.5531685330446826,0.5933135819497701,-0.04014504890508752,0.44244681385034124
100206,20.0,6,1.8663733134742984,1.2708151331483273,0.5955581803259711,0.14296531966541998,0.13132207539198057,0.011643244273439407,3.176932299664758e-15,0.0,3.176932299664758e-15,0.7552631578947369,0.86875,-0.11348684210526316,0.05263157894736842,0.03684210526315789,0.015789473684210527,0.16398813223686748,0.161405253471683,0.002582878765184482,0.4380858271151804,0.43808582711518024,1.6653345369377348e-16,0.8132498471391078,0.5933135819497701,0.21993626518933762,1.2215845704163582
100206,20.0,7,1.2369180809868143,1.2708151331483273,-0.03389705216151295,0.13539950777747825,0.13132207539198057,0.004077432385497681,0.0,0.0,0.0,0.7354545454545455,0.86875,-0.13329545454545455,0.03684210526315789,0.03684210526315789,0.0,0.16818276573146082,0.161405253471683,0.006777512259777824,0.43808582711518024,0.43808582711518024,0.0,0.5250513275300877,0.5933135819497701,-0.06826225441968248,0.10768952534733223
304727,0.0,0,1.1756405615931795,1.2529791739798033,-0.07733861238662376,0.14948522705986497,0.13395401717311275,0.015531209886752217,8.218530654414206e-16,5.386240937780515e-16,2.832289716633691e-16,0.7537037037037038,0.9107843137254902,-0.15708061002178642,0.031578947368421054,0.021052631578947368,0.010526315789473686,0.14817865909295308,0.15703448159506586,-0.008855822502112781,0.43808582711518057,0.438085827115181,-4.440892098500626e-16,0.32370901208935543,0.3810738460631765,-0.05736483397382108,0.6317523319522255
304727,0.0,1,1.51337150691886,1.2529791739798033,0.2603923329390567,0.1532185662007973,0.13395401717311275,0.01926454902768454,0.0,5.386240937780515e-16,-5.386240937780515e-16,0.7,0.9107843137254902,-0.21078431372549022,0.042105263157894736,0.021052631578947368,0.021052631578947368,0.15738679038683082,0.15703448159506586,0.0003523087917649548,0.43808582711518024,0.438085827115181,-7.771561172376096e-16,0.25060765335624674,0.3810738460631765,-0.13046619270692977,0.715995968218532
304727,0.0,2,1.1574962794056392,1.2529791739798033,-0.09548289457416415,0.1476491184661721,0.13395401717311275,0.013695101293059342,1.6835252967739015e-15,5.386240937780515e-16,1.1449012029958499e-15,0.8692307692307691,0.9107843137254902,-0.04155354449472104,0.03684210526315789,0.021052631578947368,0.015789473684210523,0.15878320471023954,0.15703448159506586,0.0017487231151736837,0.4380858271151803,0.438085827115181,-7.216449660063518e-16,0.7114136755483595,0.3810738460631765,0.33033982948518303,0.6266707246251468
304727,0.0,3,1.4304189397706806,1.2529791739798033,0.17743976579087728,0.14806518136121324,0.13395401717311275,0.014111164188100489,4.674253479510533e-16,5.386240937780515e-16,-7.119874582699817e-17,0.7279661016949153,0.9107843137254902,-0.1828182120305749,0.031578947368421054,0.021052631578947368,0.010526315789473686,0.14366120466993432,0.15703448159506586,-0.013373276925131544,0.43808582711518046,0.438085827115181,-5.551115123125783e-16,0.1876931541335023,0.3810738460631765,-0.19338069192967422,0.3410889508449475
304727,0.0,4,1.4036048677318147,1.2529791739798033,0.1506256937520114,0.1446572116998964,0.13395401717311275,0.010703194526783644,0.0,5.386240937780515e-16,-5.386240937780515e-16,0.6616666666666667,0.9107843137254902,-0.24911764705882344,0.02631578947368421,0.021052631578947368,0.005263157894736841,0.1494151423071008,0.15703448159506586,-0.007619339287965071,0.43808582711518024,0.438085827115181,-7.771561172376096e-16,0.3487152386948952,0.3810738460631765,-0.032358607368281334,0.6340952887590491
304727,0.0,5,1.4422369651945681,1.2529791739798033,0.18925779121476483,0.14014198766443672,0.13395401717311275,0.006187970491323969,2.1566000733057366e-15,5.386240937780515e-16,1.6179759795276852e-15,0.8142857142857143,0.9107843137254902,-0.0964985994397759,0.04736842105263158,0.021052631578947368,0.026315789473684213,0.16517441800368432,0.15703448159506586,0.008139936408618459,0.4380858271151816,0.438085827115181,6.106226635438361e-16,0.749140086823555,0.3810738460631765,0.3680662407603785,0.5770363220803425
304727,0.0,6,1.195795759197852,1.2529791739798033,-0.057183414781951214,0.15077130690471693,0.13395401717311275,0.01681728973160418,0.0,5.386240937780515e-16,-5.386240937780515e-16,0.725925925925926,0.9107843137254902,-0.1848583877995642,0.03684210526315789,0.021052631578947368,0.015789473684210523,0.1573675144687945,0.15703448159506586,0.0003330328737286281,0.43808582711518024,0.438085827115181,-7.771561172376096e-16,0.15694520018117206,0.3810738460631765,-0.22412864588200446,1.457132272238694
304727,0.0,7,1.375967611024756,1.2529791739798033,0.12298843704495277,0.140902196361529,0.13395401717311275,0.006948179188416254,0.0,5.386240937780515e-16,-5.386240937780515e-16,0.7745283018867924,0.9107843137254902,-0.13625601183869773,0.031578947368421054,0.021052631578947368,0.010526315789473686,0.13583102851715,0.15703448159506586,-0.02120345307791585,0.43808582711518024,0.438085827115181,-7.771561172376096e-16,0.6515805053884534,0.3810738460631765,0.27050665932527684,0.3158875456543542
304727,5.0,0,1.415542369376566,1.2529791739798033,0.16256319539676278,0.14765018464793606,0.13395401717311275,0.013696167474823301,0.0,5.386240937780515e-16,-5.386240937780515e-16,0.8183333333333334,0.9107843137254902,-0.09245098039215682,0.03684210526315789,0.021052631578947368,0.015789473684210523,0.17648712808598876,0.15703448159506586,0.019452646490922904,0.43808582711518024,0.438085827115181,-7.771561172376096e-16,0.3706087024766086,0.3810738460631765,-0.010465143586567915,0.8519077473378687
304727,5.0,1,1.4333929651682027,1.2529791739798033,0.1804137911883994,0.1441126670801404,0.13395401717311275,0.01015864990702764,0.0,5.386240937780515e-16,-5.386240937780515e-16,0.7735294117647059,0.9107843137254902,-0.13725490196078427,0.042105263157894736,0.021052631578947368,0.021052631578947368,0.15963941256068886,0.15703448159506586,0.0026049309656230035,0.43808582711518024,0.438085827115181,-7.771561172376096e-16,0.35075221617477315,0.3810738460631765,-0.030321629888403367,0.44061490461960406
304727,5.0,2,1.4621091409378955,1.2529791739798033,0.20912996695809216,0.15087926578192593,0.13395401717311275,0.01692524860881317,9.342299958725135e-16,5.386240937780515e-16,3.9560590209446197e-16,0.8341269841269842,0.9107843137254902,-0.07665732959850602,0.02631578947368421,0.021052631578947368,0.005263157894736841,0.17280282880825215,0.15703448159506586,0.01576834721318629,0.43808582711518074,0.438085827115181,-2.7755575615628914e-16,0.7835592958269162,0.3810738460631765,0.4024854497637397,0.568421396716104
304727,5.0,3,1.2951716113876648,1.2529791739798033,0.042192437407861494,0.15203873685393285,0.13395401717311275,0.018084719680820094,0.0,5.386240937780515e-16,-5.386240937780515e-16,0.8589285714285714,0.9107843137254902,-0.051855742296918805,0.05263157894736842,0.021052631578947368,0.031578947368421054,0.15601645820445603,0.15703448159506586,-0.001018023390609829,0.43808582711518024,0.438085827115181,-7.771561172376096e-16,0.7170176249690117,0.3810738460631765,0.33594377890583516,1.275915962479392
304727,5.0,4,1.4153888406225188,1.2529791739798033,0.1624096666427155,0.14060002737741575,0.13395401717311275,0.006646010204302999,0.0,5.386240937780515e-16,-5.386240937780515e-16,0.7675438596491228,0.9107843137254902,-0.14324045407636743,0.02631578947368421,0.021052631578947368,0.005263157894736841,0.1581149777154657,0.15703448159506586,0.001080496120399843,0.43808582711518024,0.438085827115181,-7.771561172376096e-16,0.7216049254115838,0.3810738460631765,0.3405310793484073,0.6321149231588714
304727,5.0,5,1.2742883351827647,1.2529791739798033,0.021309161202961446,0.1530955252572058,0.13395401717311275,0.01914150808409304,0.0,5.386240937780515e-16,-5.386240937780515e-16,0.8203703703703704,0.9107843137254902,-0.09041394335511976,0.03684210526315789,0.021052631578947368,0.015789473684210523,0.1583907471889967,0.15703448159506586,0.0013562655939308443,0.43808582711518024,0.438085827115181,-7.771561172376096e-16,0.4937339543952708,0.3810738460631765,0.11266010833209428,1.769036268579415
304727,5.0,6,1.092218811483782,1.2529791739798033,-0.16076036249602121,0.15627831447574655,0.13395401717311275,0.0223242973026338,2.78118271710051e-16,5.386240937780515e-16,-2.605058220680005e-16,0.8,0.9107843137254902,-0.11078431372549014,0.05263157894736842,0.021052631578947368,0.031578947368421054,0.1410005916977523,0.15703448159506586,-0.016033889897313552,0.4380858271151809,0.438085827115181,-1.1102230246251565e-16,0.46363427004178004,0.3810738460631765,0.08256042397860353,0.5295181368549348
304727,5.0,7,1.2707216877290302,1.2529791739798033,0.017742513749226863,0.14165952562990228,0.13395401717311275,0.007705508456789523,3.782230621715435e-16,5.386240937780515e-16,-1.60401031606508e-16,0.8400000000000001,0.9107843137254902,-0.0707843137254901,0.02631578947368421,0.021052631578947368,0.005263157894736841,0.15121746419356957,0.15703448159506586,-0.005817017401496288,0.4380858271151802,0.438085827115181,-8.326672684688674e-16,0.3490838412393407,0.3810738460631765,-0.031990004823835794,0.6073296230890807
304727,10.0,0,1.2279324398208455,1.2529791739798033,-0.02504673415895775,0.1456306282723573,0.13395401717311275,0.011676611099244533,0.0,5.386240937780515e-16,-5.386240937780515e-16,0.8074074074074075,0.9107843137254902,-0.10337690631808272,0.031578947368421054,0.021052631578947368,0.010526315789473686,0.15119155600649883,0.15703448159506586,-0.005842925588567027,0.43808582711518024,0.438085827115181,-7.771561172376096e-16,0.6878627625139944,0.3810738460631765,0.30678891645081785,1.2841168865735604
304727,10.0,1,1.769891187637556,1.2529791739798033,0.5169120136577527,0.151359524362372,0.13395401717311275,0.017405507189259234,2.4013056013084106e-15,5.386240937780515e-16,1.862681507530359e-15,0.7281818181818183,0.9107843137254902,-0.18260249554367192,0.02631578947368421,0.021052631578947368,0.005263157894736841,0.14217060548261423,0.15703448159506586,-0.01486387611245163,0.4380858271151817,0.438085827115181,6.661338147750939e-16,0.1559703889320722,0.3810738460631765,-0.2251034571311043,1.2136314611848764
304727,10.0,2,1.1875967679640373,1.2529791739798033,-0.06538240601576595,0.1440453976872765,0.13395401717311275,0.01009138051416375,0.0,5.386240937780515e-16,-5.386240937780515e-16,0.7845454545454545,0.9107843137254902,-0.12623885918003563,0.03684210526315789,0.021052631578947368,0.015789473684210523,0.14426202357651655,0.15703448159506586,-0.012772458018549315,0.43808582711518024,0.438085827115181,-7.771561172376096e-16,0.23313106493053032,0.3810738460631765,-0.1479427811326462,1.5419160943505594
304727,10.0,3,1.139387208027523,1.2529791739798033,-0.11359196595228038,0.14821455926499696,0.13395401717311275,0.01426054209188421,5.784154982480638e-16,5.386240937780515e-16,3.9791404470012326e-17,0.8464912280701753,0.9107843137254902,-0.06429308565531489,0.042105263157894736,0.021052631578947368,0.021052631578947368,0.15470005826198782,0.15703448159506586,-0.0023344233330780395,0.43808582711518146,0.438085827115181,4.440892098500626e-16,0.421589462224827,0.3810738460631765,0.0405156161616505,0.08536987461177858
304727,10.0,4,1.1414868829214475,1.2529791739798033,-0.11149229105835579,0.15665808927752858,0.13395401717311275,0.02270407210441583,0.0,5.386240937780515e-16,-5.386240937780515e-16,0.8424528301886791,0.9107843137254902,-0.06833148353681107,0.05263157894736842,0.021052631578947368,0.031578947368421054,0.1491799815684553,0.15703448159506586,-0.007854500026610561,0.43808582711518024,0.438085827115181,-7.771561172376096e-16,0.3096895869799853,0.3810738460631765,-0.07138425908319124,0.9284357498571146
304727,10.0,5,1.5184545406865873,1.2529791739798033,0.26547536670678396,0.14497932206785574,0.13395401717311275,0.011025304894742988,8.017416036246569e-16,5.386240937780515e-16,2.631175098466054e-16,0.8194915254237287,0.9107843137254902,-0.09129278830176146,0.031578947368421054,0.021052631578947368,0.010526315789473686,0.1607535013477218,0.15703448159506586,0.0037190197526559277,0.43808582711518107,0.438085827115181,5.551115123125783e-17,0.7175589436083522,0.3810738460631765,0.33648509754517564,0.8044329564982058
304727,10.0,6,1.3906773018487582,1.2529791739798033,0.13769812786895486,0.1484702529573011,0.13395401717311275,0.014516235784188342,1.0511464433932063e-15,5.386240937780515e-16,5.125223496151548e-16,0.7974576271186441,0.9107843137254902,-0.11332668660684608,0.04736842105263158,0.021052631578947368,0.026315789473684213,0.15411550404311888,0.15703448159506586,-0.0029189775519469774,0.43808582711518,0.438085827115181,-9.992007221626409e-16,0.26423853303698547,0.3810738460631765,-0.11683531302619105,1.2116754234515748
304727,10.0,7,1.1675596828844257,1.2529791739798033,-0.08541949109537761,0.14461460108911653,0.13395401717311275,0.010660583916003774,0.0,5.386240937780515e-16,-5.386240937780515e-16,0.781372549019608,0.9107843137254902,-0.12941176470588223,0.031578947368421054,0.021052631578947368,0.010526315789473686,0.1503310067625369,0.15703448159506586,-0.0067034748325289495,0.43808582711518024,0.438085827115181,-7.771561172376096e-16,0.509634740710612,0.3810738460631765,0.12856089464743548,1.983386193898427
304727,20.0,0,1.2259840281260526,1.2529791739798033,-0.026995145853750735,0.14298530694310788,0.13395401717311275,0.009031289769995121,0.0,5.386240937780515e-16,-5.386240937780515e-16,0.8868421052631579,0.9107843137254902,-0.023942208462332304,0.03684210526315789,0.021052631578947368,0.015789473684210523,0.17264855607541296,0.15703448159506586,0.015614074480347101,0.43808582711518024,0.438085827115181,-7.771561172376096e-16,0.7015028244746784,0.3810738460631765,0.32042897841150186,0.731957556830539
304727,20.0,1,1.2132932268264298,1.2529791739798033,-0.03968594715337348,0.1526483654989196,0.13395401717311275,0.018694348325806853,3.439585071109911e-15,5.386240937780515e-16,2.9009609773318598e-15,0.8237704918032787,0.9107843137254902,-0.08701382192221152,0.031578947368421054,0.021052631578947368,0.010526315789473686,0.1506654671307203,0.15703448159506586,-0.006369014464345568,0.4380858271151802,0.438085827115181,-8.326672684688674e-16,0.15744763286588304,0.3810738460631765,-0.22362621319729348,0.9238554945236155
304727,20.0,2,1.2327886817778484,1.2529791739798033,-0.0201904922019549,0.14418625475633925,0.13395401717311275,0.0102322375832265,1.884423276261958e-15,5.386240937780515e-16,1.3457991824839065e-15,0.7827586206896552,0.9107843137254902,-0.128025693035835,0.031578947368421054,0.021052631578947368,0.010526315789473686,0.15934161676391093,0.15703448159506586,0.0023071351688450648,0.43808582711518085,0.438085827115181,-1.6653345369377348e-16,0.4333696546105878,0.3810738460631765,0.05229580854741128,0.3569497476381267
304727,20.0,3,1.3560394209460238,1.2529791739798033,0.10306024696622051,0.14420665683180317,0.13395401717311275,0.010252639658690416,5.2795225636082646e-15,5.386240937780515e-16,4.740898469830213e-15,0.796,0.9107843137254902,-0.11478431372549014,0.04736842105263158,0.021052631578947368,0.026315789473684213,0.1393211874688582,0.15703448159506586,-0.017713294126207674,0.4380858271151811,0.438085827115181,1.1102230246251565e-16,0.5225674912832508,0.3810738460631765,0.14149364522007424,0.5560993311488287
304727,20.0,4,1.4166068503869176,1.2529791739798033,0.1636276764071143,0.14404431381326885,0.13395401717311275,0.010090296640156093,8.667814579821727e-16,5.386240937780515e-16,3.2815736420412116e-16,0.768,0.9107843137254902,-0.14278431372549016,0.02631578947368421,0.021052631578947368,0.005263157894736841,0.13271096786523717,0.15703448159506586,-0.02432351372982869,0.43808582711518157,0.438085827115181,5.551115123125783e-16,0.6672163183179073,0.3810738460631765,0.2861424722547308,0.6070252165035982
304727,20.0,5,1.6544386558393231,1.2529791739798033,0.40145948185951985,0.14400117661159226,0.13395401717311275,0.010047159438479503,0.0,5.386240937780515e-16,-5.386240937780515e-16,0.7915094339622641,0.9107843137254902,-0.11927487976322604,0.031578947368421054,0.021052631578947368,0.010526315789473686,0.14450944247554495,0.15703448159506586,-0.012525039119520909,0.43808582711518024,0.438085827115181,-7.771561172376096e-16,0.39153478129846087,0.3810738460631765,0.010460935235284352,0.5514330920685029
304727,20.0,6,1.1908100684049634,1.2529791739798033,-0.0621691055748399,0.1452595302086275,0.13395401717311275,0.011305513035514747,0.0,5.386240937780515e-16,-5.386240937780515e-16,0.8863636363636364,0.9107843137254902,-0.024420677361853826,0.042105263157894736,0.021052631578947368,0.021052631578947368,0.14916093933354127,0.15703448159506586,-0.007873542261524591,0.43808582711518024,0.438085827115181,-7.771561172376096e-16,0.5870430262549484,0.3810738460631765,0.2059691801917719,1.490459538431768
304727,20.0,7,1.4663122948955671,1.2529791739798033,0.21333312091576384,0.14496381636061417,0.13395401717311275,0.011009799187501418,2.1891561052377195e-15,5.386240937780515e-16,1.650532011459668e-15,0.8810344827586206,0.9107843137254902,-0.02974983096686956,0.031578947368421054,0.021052631578947368,0.010526315789473686,0.157612765797381,0.15703448159506586,0.0005782842023151491,0.43808582711518157,0.438085827115181,5.551115123125783e-16,0.29749071245104924,0.3810738460631765,-0.08358313361212727,2.1652257791254206
314225,0.0,0,1.1225856509684522,1.3159160191093293,-0.19333036814087712,1.317788267689265,1.0098450097771507,0.3079432579121142,0.2990631732728911,0.4098500038024253,-0.1107868305295342,0.8560000000000001,0.8942105263157896,-0.03821052631578947,0.09999999999999999,0.09999999999999999,0.0,0.20469434623111607,0.22298902341684917,-0.018294677185733105,0.43017153873072084,0.43698465491325167,-0.006813116182530832,0.40581472623698767,0.8242941648563912,-0.4184794386194035,0.17569273155013798
314225,0.0,1,1.1394521532779311,1.3159160191093293,-0.17646386583139817,1.0633589594455124,1.0098450097771507,0.05351394966836165,0.381565980694273,0.4098500038024253,-0.028284023108152312,0.8304123711340207,0.8942105263157896,-0.0637981551817689,0.09999999999999999,0.09999999999999999,0.0,0.22397960734853511,0.22298902341684917,0.00099058393168594,0.4339455446620519,0.43698465491325167,-0.0030391102511997947,0.6217678959876037,0.8242941648563912,-0.20252626886878744,0.16485086910195618
314225,0.0,2,1.076362970978701,1.3159160191093293,-0.23955304813062828,1.0190402394419424,1.0098450097771507,0.009195229664791693,0.40429502963777586,0.4098500038024253,-0.005554974164649451,0.8343137254901961,0.8942105263157896,-0.059896800825593455,0.09473684210526316,0.09999999999999999,-0.005263157894736831,0.2079261181889846,0.22298902341684917,-0.015062905227864576,0.4360716506357656,0.43698465491325167,-0.0009130042774860847,0.6491922444672328,0.8242941648563912,-0.1751019203891584,0.5222683371953889
314225,0.0,3,1.1318063411943977,1.3159160191093293,-0.1841096779149316,1.0539445846082862,1.0098450097771507,0.04409957483113547,0.38767461233449174,0.4098500038024253,-0.02217539146793357,0.8294117647058823,0.8942105263157896,-0.06479876160990727,0.07368421052631578,0.09999999999999999,-0.02631578947368421,0.21073674452810867,0.22298902341684917,-0.012252278888740503,0.44274210764086314,0.43698465491325167,0.005757452727611467,0.7927304481320132,0.8242941648563912,-0.031563716724377966,-0.2374423016083851
314225,0.0,4,1.3538824072930753,1.3159160191093293,0.03796638818374598,1.2532819140162874,1.0098450097771507,0.24343690423913666,0.3222051394391788,0.4098500038024253,-0.08764486436324653,0.8510204081632653,0.8942105263157896,-0.04319011815252427,0.042105263157894736,0.09999999999999999,-0.057894736842105256,0.21896956490738173,0.22298902341684917,-0.004019458509467444,0.4458254441607144,0.43698465491325167,0.008840789247462733,0.4277074601616566,0.8242941648563912,-0.39658670469473456,0.12493341832795002
314225,0.0,5,1.238157325888598,1.3159160191093293,-0.07775869322073126,1.1380938889879808,1.0098450097771507,0.12824887921083006,0.35721063362359834,0.4098500038024253,-0.05263937017882697,0.7635416666666666,0.8942105263157896,-0.130668859649123,0.05263157894736842,0.09999999999999999,-0.047368421052631574,0.19458549464698222,0.22298902341684917,-0.02840352876986696,0.4451691961957444,0.43698465491325167,0.008184541282492741,0.7450940265773155,0.8242941648563912,-0.07920013827907568,0.7519446742610576
314225,0.0,6,1.1600206179146428,1.3159160191093293,-0.15589540119468648,1.1693107691158047,1.0098450097771507,0.15946575933865392,0.3458935966336386,0.4098500038024253,-0.0639564071687867,0.85,0.8942105263157896,-0.04421052631578959,0.09999999999999999,0.09999999999999999,0.0,0.2049049550392848,0.22298902341684917,-0.018084068377564377,0.4328047887614772,0.43698465491325167,-0.004179866151774458,0.7892040267376931,0.8242941648563912,-0.0350901381186981,0.6753493520578137
314225,0.0,7,1.3161754016613572,1.3159160191093293,0.00025938255202784255,1.1160025491781467,1.0098450097771507,0.10615753940099593,0.3645174435985346,0.4098500038024253,-0.045332560203890704,0.8155913978494624,0.8942105263157896,-0.07861912846632713,0.09999999999999999,0.09999999999999999,0.0,0.20550942878109169,0.22298902341684917,-0.01747959463575749,0.43336417499402485,0.43698465491325167,-0.0036204799192268156,0.8066226449427615,0.8242941648563912,-0.017671519913629696,0.041139990744660834
314225,5.0,0,1.063465451339542,1.3159160191093293,-0.25245056776978725,1.01603393209469,1.0098450097771507,0.006188922317539314,0.40883647981547633,0.4098500038024253,-0.0010135239869489832,0.793298969072165,0.8942105263157896,-0.10091155724362455,0.09999999999999999,0.09999999999999999,0.0,0.1993102064991959,0.22298902341684917,-0.023678816917653278,0.43685150028990033,0.43698465491325167,-0.0001331546233513392,0.17779782865446375,0.8242941648563912,-0.6464963362019274,-0.042988925689788626
314225,5.0,1,1.236237126963661,1.3159160191093293,-0.07967889214566837,1.0054246844854167,1.0098450097771507,-0.004420325291734084,0.409312031510354,0.4098500038024253,-0.0005379722920713093,0.7872340425531915,0.8942105263157896,-0.10697648376259805,0.09999999999999999,0.09999999999999999,0.0,0.20896762871548677,0.22298902341684917,-0.014021394701362405,0.4370791424342108,0.43698465491325167,9.448752095914115e-05,0.6947785814363838,0.8242941648563912,-0.12951558342000735,0.16330766411999265
314225,5.0,2,1.4416730727939187,1.3159160191093293,0.12575705368458934,1.0155642192370058,1.0098450097771507,0.005719209459855046,0.409373476381021,0.4098500038024253,-0.0004765274214043047,0.798936170212766,0.8942105263157896,-0.0952743561030236,0.09999999999999999,0.09999999999999999,0.0,0.2167826080149066,0.22298902341684917,-0.006206415401942583,0.4376267717428724,0.43698465491325167,0.0006421168296207314,0.6328829977357064,0.8242941648563912,-0.19141116712068473,-0.05379562144876715
314225,5.0,3,1.2846767927163256,1.3159160191093293,-0.031239226393003694,1.0000435243284087,1.0098450097771507,-0.009801485448742042,0.4093619186810369,0.4098500038024253,-0.0004880851213884263,0.8427835051546392,0.8942105263157896,-0.05142702116115039,0.09999999999999999,0.09999999999999999,0.0,0.20676344121433968,0.22298902341684917,-0.016225582202509498,0.4368654468655672,0.43698465491325167,-0.00011920804768444926,0.6407673641809712,0.8242941648563912,-0.18352680067541993,0.10091431678008511
314225,5.0,4,1.0750412084519496,1.3159160191093293,-0.2408748106573797,1.0138981242585017,1.0098450097771507,0.004053114481350928,0.4088765604247681,0.4098500038024253,-0.0009734433776572016,0.8208333333333334,0.8942105263157896,-0.07337719298245615,0.09999999999999999,0.09999999999999999,0.0,0.20312262831436598,0.22298902341684917,-0.019866395102483198,0.43686601253758733,0.43698465491325167,-0.00011864237566433511,0.2971342532622305,0.8242941648563912,-0.5271599115941608,0.3586387422906575
314225,5.0,5,1.2598768084310281,1.3159160191093293,-0.0560392106783012,1.0064299954690712,1.0098450097771507,-0.003415014308079556,0.4097667780552049,0.4098500038024253,-8.322574722041676e-05,0.8530612244897959,0.8942105263157896,-0.041149301825993634,0.09473684210526316,0.09999999999999999,-0.005263157894736831,0.21649724457147085,0.22298902341684917,-0.0064917788453783265,0.4373054042043506,0.43698465491325167,0.0003207492910989318,0.6670019464989905,0.8242941648563912,-0.1572922183574007,0.708742281915204
314225,5.0,6,1.194307014628749,1.3159160191093293,-0.12160900448058021,1.008595567539179,1.0098450097771507,-0.001249442237971854,0.40971118833330644,0.4098500038024253,-0.00013881546911886922,0.847979797979798,0.8942105263157896,-0.04623072833599162,0.09999999999999999,0.09999999999999999,0.0,0.20363755341789497,0.22298902341684917,-0.019351469998954207,0.43641796221818613,0.43698465491325167,-0.0005666926950655404,0.5453880349472247,0.8242941648563912,-0.2789061299091665,0.21177652916681347
314225,5.0,7,1.0969016838191399,1.3159160191093293,-0.21901433529018943,1.0169902161916193,1.0098450097771507,0.007145206414468586,0.40911637842399323,0.4098500038024253,-0.000733625378432079,0.7868421052631579,0.8942105263157896,-0.10736842105263167,0.09999999999999999,0.09999999999999999,0.0,0.20233411891196268,0.22298902341684917,-0.020654904504886495,0.43671049385255145,0.43698465491325167,-0.0002741610607002176,0.21470284833739717,0.8242941648563912,-0.609591316518994,0.6709896918143937
314225,10.0,0,1.3850477290173087,1.3159160191093293,0.06913170990797934,1.008344651075651,1.0098450097771507,-0.001500358701499671,0.4093390677941564,0.4098500038024253,-0.000510936008268903,0.8176767676767677,0.8942105263157896,-0.0765337586390219,0.09999999999999999,0.09999999999999999,0.0,0.2077005188441797,0.22298902341684917,-0.015288504572669476,0.43737380428965483,0.43698465491325167,0.00038914937640316394,0.7071244659323587,0.8242941648563912,-0.1171696989240325,-0.07062237101738077
314225,10.0,1,1.2267111793613608,1.3159160191093293,-0.08920483974796856,1.0118886738674946,1.0098450097771507,0.002043664090343844,0.40912485059567966,0.4098500038024253,-0.0007251532067456545,0.8184210526315789,0.8942105263157896,-0.07578947368421063,0.09999999999999999,0.09999999999999999,0.0,0.19981767252047114,0.22298902341684917,-0.023171350896378035,0.43647938640508593,0.43698465491325167,-0.0005052685081657349,0.4523433099276465,0.8242941648563912,-0.3719508549287447,0.4865806565397391
314225,10.0,2,1.154931090424863,1.3159160191093293,-0.16098492868446623,1.0024553370102036,1.0098450097771507,-0.007389672766947131,0.40928659262781314,0.4098500038024253,-0.0005634111746121717,0.7631313131313131,0.8942105263157896,-0.13107921318447646,0.09999999999999999,0.09999999999999999,0.0,0.20839036432048025,0.22298902341684917,-0.014598659096368927,0.4364383428353325,0.43698465491325167,-0.0005463120779191644,0.5287598430568787,0.8242941648563912,-0.29553432179951244,0.6314306403769865
314225,10.0,3,1.175392903772917,1.3159160191093293,-0.14052311533641237,1.005011773276856,1.0098450097771507,-0.004833236500294769,0.40905789811386756,0.4098500038024253,-0.0007921056885577538,0.8275510204081632,0.8942105263157896,-0.06665950590762637,0.09999999999999999,0.09999999999999999,0.0,0.20117644691456818,0.22298902341684917,-0.021812576502280995,0.4357993008335824,0.43698465491325167,-0.001185354079669243,0.1746298373228169,0.8242941648563912,-0.6496643275335743,0.39906443921218115
314225,10.0,4,1.3120473218661703,1.3159160191093293,-0.0038686972431589695,0.997711008498175,1.0098450097771507,-0.012134001278975792,0.4097633291399594,0.4098500038024253,-8.667466246592426e-05,0.841578947368421,0.8942105263157896,-0.052631578947368585,0.08947368421052632,0.09999999999999999,-0.010526315789473675,0.22212752438688632,0.22298902341684917,-0.0008614990299628533,0.4367681042055344,0.43698465491325167,-0.0002165507077172557,0.8168352223588744,0.8242941648563912,-0.007458942497516774,-0.3245608595203884
314225,10.0,5,1.1796017637801537,1.3159160191093293,-0.13631425532917563,1.005408981199199,1.0098450097771507,-0.004436028577951667,0.40944383450832394,0.4098500038024253,-0.00040616929410136615,0.7956310679611651,0.8942105263157896,-0.09857945835462445,0.09999999999999999,0.09999999999999999,0.0,0.21247590490212326,0.22298902341684917,-0.010513118514725917,0.4359248958078741,0.43698465491325167,-0.001059759105377589,0.6244016429492496,0.8242941648563912,-0.19989252190714157,0.3680978972244948
314225,10.0,6,1.1596492943292496,1.3159160191093293,-0.15626672478007975,1.0074796927099947,1.0098450097771507,-0.0023653170671560364,0.4096432263569975,0.4098500038024253,-0.00020677744542779708,0.8622222222222222,0.8942105263157896,-0.031988304093567344,0.09999999999999999,0.09999999999999999,0.0,0.2161099909840704,0.22298902341684917,-0.006879032432778764,0.43640373277104355,0.43698465491325167,-0.0005809221422081179,0.23155121861984526,0.8242941648563912,-0.5927429462365459,-0.09878670471169926
314225,10.0,7,1.1473798968752202,1.3159160191093293,-0.16853612223410908,1.0084333575982671,1.0098450097771507,-0.0014116521788836156,0.40943154076483185,0.4098500038024253,-0.0004184630375934639,0.8140000000000001,0.8942105263157896,-0.08021052631578951,0.09999999999999999,0.09999999999999999,0.0,0.19972487559887905,0.22298902341684917,-0.02326414781797012,0.4368754572372001,0.43698465491325167,-0.0001091976760515534,0.6187549404750725,0.8242941648563912,-0.20553922438131866,0.09287367768105703
314225,20.0,0,1.376960815744384,1.3159160191093293,0.06104479663505469,0.999220102045676,1.0098450097771507,-0.010624907731474731,0.4097781559255309,0.4098500038024253,-7.18478768944042e-05,0.882258064516129,0.8942105263157896,-0.011952461799660585,0.09999999999999999,0.09999999999999999,0.0,0.22614758625184575,0.22298902341684917,0.0031585628349965755,0.4366680566769263,0.43698465491325167,-0.00031659823632534945,0.6242846835457603,0.8242941648563912,-0.2000094813106309,-0.17681021775610495
314225,20.0,1,1.1438921755585671,1.3159160191093293,-0.17202384355076217,1.0116177499693941,1.0098450097771507,0.0017727401922433828,0.40989259701394676,0.4098500038024253,4.259321152144668e-05,0.8691919191919192,0.8942105263157896,-0.025018607123870384,0.08947368421052632,0.09999999999999999,-0.010526315789473675,0.23694164078875862,0.22298902341684917,0.013952617371909448,0.4364963697193564,0.43698465491325167,-0.0004882851938952659,0.2411095589680954,0.8242941648563912,-0.5831846058882958,0.19036856457351492
314225,20.0,2,1.1484355792089498,1.3159160191093293,-0.16748043990037953,1.0047039146299592,1.0098450097771507,-0.005141095147191521,0.4098322252490102,0.4098500038024253,-1.777855341511536e-05,0.8697916666666666,0.8942105263157896,-0.024418859649122937,0.09473684210526316,0.09999999999999999,-0.005263157894736831,0.22308261867890417,0.22298902341684917,9.359526205499069e-05,0.4368017274912854,0.43698465491325167,-0.00018292742196629463,0.6341346035186746,0.8242941648563912,-0.1901595613377166,0.6784143018519958
314225,20.0,3,1.162250309280941,1.3159160191093293,-0.15366570982838823,1.0068782981676765,1.0098450097771507,-0.0029667116094742596,0.4093133535654006,0.4098500038024253,-0.000536650237024705,0.841,0.8942105263157896,-0.0532105263157896,0.09999999999999999,0.09999999999999999,0.0,0.21548143869874786,0.22298902341684917,-0.007507584718101312,0.43684037722864777,0.43698465491325167,-0.00014427768460389956,0.6543346893386076,0.8242941648563912,-0.16995947551778356,-0.057646457891835756
314225,20.0,4,1.4447878606099538,1.3159160191093293,0.12887184150062447,1.0062400044987487,1.0098450097771507,-0.003605005278402018,0.40982987997996156,0.4098500038024253,-2.0123822463746777e-05,0.8684782608695653,0.8942105263157896,-0.02573226544622431,0.08947368421052632,0.09999999999999999,-0.010526315789473675,0.2150553639770667,0.22298902341684917,-0.00793365943978247,0.43718573676182815,0.43698465491325167,0.0002010818485764787,0.8262515999051085,0.8242941648563912,0.001957435048717371,0.5383973211745583
314225,20.0,5,1.0938784624686597,1.3159160191093293,-0.2220375566406696,1.0177247186588037,1.0098450097771507,0.007879708881652903,0.4096106425442188,0.4098500038024253,-0.00023936125820650522,0.8520618556701031,0.8942105263157896,-0.0421486706456865,0.09999999999999999,0.09999999999999999,0.0,0.2271735780053749,0.22298902341684917,0.004184554588525735,0.4368499453062962,0.43698465491325167,-0.0001347096069554965,0.6704996058561008,0.8242941648563912,-0.15379455900029038,0.08460880710043919
314225,20.0,6,1.1771033511034288,1.3159160191093293,-0.13881266800590053,1.0117104090705873,1.0098450097771507,0.0018653992934365426,0.40976608686993615,0.4098500038024253,-8.391693248915866e-05,0.8670212765957446,0.8942105263157896,-0.027189249720044995,0.09473684210526316,0.09999999999999999,-0.005263157894736831,0.21763585582206718,0.22298902341684917,-0.0053531675947819934,0.4371265735129315,0.43698465491325167,0.00014191859967982445,0.6669257349970046,0.8242941648563912,-0.1573684298593866,1.0111741085700334
314225,20.0,7,1.1220046820742224,1.3159160191093293,-0.19391133703510688,1.0124222481501477,1.0098450097771507,0.0025772383729969484,0.40980746449387156,0.4098500038024253,-4.2539308553746213e-05,0.8714285714285713,0.8942105263157896,-0.022781954887218236,0.09999999999999999,0.09999999999999999,0.0,0.23033357522330905,0.22298902341684917,0.007344551806459876,0.4368196611561424,0.43698465491325167,-0.00016499375710926634,0.8032384336137509,0.8242941648563912,-0.021055731242640263,0.11248093801799264
333330,0.0,0,1.5570384042616843,1.1455581270581985,0.4114802772034858,0.3883949305723231,0.2630099498222305,0.12538498075009258,1.3326410788231295,2.421931244629897,-1.0892901658067675,0.85,0.8735294117647058,-0.0235294117647058,0.09473684210526316,0.06842105263157895,0.02631578947368421,0.15832466271270143,0.16462919664837727,-0.006304533935675843,0.4328378293033577,0.4330321928392277,-0.00019436353587004573,0.800885495661348,0.736586645831076,0.06429884983027201,-0.12467124862541312
333330,0.0,1,1.1174171629215635,1.1455581270581985,-0.028140964136635027,0.29075879670012744,0.2630099498222305,0.027748846877896916,2.2212420959089343,2.421931244629897,-0.20068914872096277,0.8171052631578947,0.8735294117647058,-0.05642414860681111,0.042105263157894736,0.06842105263157895,-0.026315789473684216,0.16342325130465288,0.16462919664837727,-0.001205945343724396,0.4410167547879967,0.4330321928392277,0.007984561948768953,0.8113159348516321,0.736586645831076,0.07472928902055609,0.5400180006223078
333330,0.0,2,1.1223056650502927,1.1455581270581985,-0.02325246200790576,0.2941308395773931,0.2630099498222305,0.031120889755162584,2.162807269536086,2.421931244629897,-0.25912397509381124,0.8347222222222221,0.8735294117647058,-0.03880718954248363,0.042105263157894736,0.06842105263157895,-0.026315789473684216,0.1575771651841272,0.16462919664837727,-0.007052031464250069,0.4654496600098101,0.4330321928392277,0.03241746717058236,0.6970611435913078,0.736586645831076,-0.03952550223976825,0.5831533116351911
333330,0.0,3,1.2039548384392131,1.1455581270581985,0.058396711381014654,0.27228373947186824,0.2630099498222305,0.00927378964963771,2.3441852484279813,2.421931244629897,-0.0777459962019158,0.7957142857142857,0.8735294117647058,-0.07781512605042007,0.02631578947368421,0.06842105263157895,-0.04210526315789474,0.1732559371613304,0.16462919664837727,0.008626740512953118,0.4492274413545993,0.4330321928392277,0.016195248515371574,0.2844142675687528,0.736586645831076,-0.4521723782623232,0.6348479349226324
333330,0.0,4,1.4323551755209003,1.1455581270581985,0.2867970484627018,0.29000259620870145,0.2630099498222305,0.02699264638647092,2.1718061512789872,2.421931244629897,-0.2501250933509098,0.7958333333333333,0.8735294117647058,-0.0776960784313725,0.031578947368421054,0.06842105263157895,-0.0368421052631579,0.14558474955616116,0.16462919664837727,-0.019044447092216116,0.46748874060440093,0.4330321928392277,0.03445654776517321,0.36728056886275234,0.736586645831076,-0.3693060769683237,1.0940270048428666
333330,0.0,5,1.3435996565632171,1.1455581270581985,0.19804152950501863,0.24984034931948398,0.2630099498222305,-0.013169600502746542,2.65826893094003,2.421931244629897,0.23633768631013297,0.7796875,0.8735294117647058,-0.0938419117647058,0.06315789473684211,0.06842105263157895,-0.005263157894736845,0.15174788685797652,0.16462919664837727,-0.012881309790400752,0.4148643854305937,0.4330321928392277,-0.01816780740863405,0.22633509793316964,0.736586645831076,-0.5102515478979064,0.25321632726574084
333330,0.0,6,1.2627456297049533,1.1455581270581985,0.11718750264675482,0.2658446759804654,0.2630099498222305,0.0028347261582348793,2.46487812102452,2.421931244629897,0.0429468763946228,0.846103896103896,0.8735294117647058,-0.02742551566080975,0.03684210526315789,0.06842105263157895,-0.03157894736842106,0.16502435150707181,0.16462919664837727,0.0003951548586945408,0.4473046635029292,0.4330321928392277,0.014272470663701464,0.5439831103964846,0.736586645831076,-0.1926035354345914,0.6348440719701504
333330,0.0,7,1.3878145858572724,1.1455581270581985,0.24225645879907387,0.25911266089089435,0.2630099498222305,-0.0038972889313361736,2.5752733902319207,2.421931244629897,0.15334214560202364,0.7472972972972973,0.8735294117647058,-0.12623211446740845,0.042105263157894736,0.06842105263157895,-0.026315789473684216,0.15008780509372208,0.16462919664837727,-0.014541391554655198,0.4322212929050324,0.4330321928392277,-0.0008108999341953083,0.40907041847066433,0.736586645831076,-0.3275162273604117,0.6338596167938619
333330,5.0,0,1.1696895679962043,1.1455581270581985,0.024131440938005788,0.2638629972739011,0.2630099498222305,0.0008530474516705855,2.4229833442404876,2.421931244629897,0.0010520996105904956,0.8123376623376624,0.8735294117647058,-0.06119174942704342,0.04736842105263158,0.06842105263157895,-0.02105263157894737,0.16335378669770276,0.16462919664837727,-0.0012754099506745165,0.4311303789104858,0.4330321928392277,-0.0019018139287419467,0.28246573559715393,0.736586645831076,-0.4541209102339221,0.34062365776010217
333330,5.0,1,1.2182408246083416,1.1455581270581985,0.07268269755014312,0.26408939455545494,0.2630099498222305,0.0010794447332244106,2.4246267642539334,2.421931244629897,0.0026955196240363577,0.8333333333333334,0.8735294117647058,-0.040196078431372406,0.05263157894736842,0.06842105263157895,-0.015789473684210534,0.1547406841993073,0.16462919664837727,-0.009888512449069964,0.4383897100690105,0.4330321928392277,0.005357517229782782,0.47612797696513715,0.736586645831076,-0.2604586688659389,0.0766266560892166
333330,5.0,2,1.274833899165083,1.1455581270581985,0.12927577210688446,0.26287654164601754,0.2630099498222305,-0.00013340817621299017,2.4215187727211562,2.421931244629897,-0.0004124719087408302,0.8257575757575758,0.8735294117647058,-0.047771836007129975,0.031578947368421054,0.06842105263157895,-0.0368421052631579,0.15130157254966542,0.16462919664837727,-0.013327624098711854,0.4359495211050166,0.4330321928392277,0.0029173282657888877,0.6435779862021891,0.736586645831076,-0.09300865962888694,0.19400416452355174
333330,5.0,3,1.1666721362238062,1.1455581270581985,0.021114009165607683,0.2660907362299699,0.2630099498222305,0.0030807864077394,2.4184979338812624,2.421931244629897,-0.0034333107486346215,0.8067164179104477,0.8735294117647058,-0.0668129938542581,0.02631578947368421,0.06842105263157895,-0.04210526315789474,0.15443720601515273,0.16462919664837727,-0.01019199063322454,0.4317010199891041,0.4330321928392277,-0.0013311728501236297,0.2241874215772091,0.736586645831076,-0.5123992242538669,0.401194500689694
333330,5.0,4,1.1402281590287071,1.1455581270581985,-0.005329968029491372,0.2670686199109947,0.2630099498222305,0.004058670088764149,2.4217243404953335,2.421931244629897,-0.00020690413456359025,0.845774647887324,0.8735294117647058,-0.02775476387738174,0.031578947368421054,0.06842105263157895,-0.0368421052631579,0.16558485928526584,0.16462919664837727,0.0009556626368885657,0.43159198529319803,0.4330321928392277,-0.0014402075460296926,0.3695502134638662,0.736586645831076,-0.36703643236720984,0.6944578076895888
333330,5.0,5,1.2256645146532041,1.1455581270581985,0.08010638759500566,0.26520307882872657,0.2630099498222305,0.002193129006496042,2.41898985652135,2.421931244629897,-0.0029413881085469384,0.7954545454545455,0.8735294117647058,-0.07807486631016025,0.03684210526315789,0.06842105263157895,-0.03157894736842106,0.16633042366831105,0.16462919664837727,0.0017012270199337765,0.4360169010669062,0.4330321928392277,0.0029847082276784898,0.6830204905000886,0.736586645831076,-0.05356615533098741,-0.07236204031181803
333330,5.0,6,1.121978297673452,1.1455581270581985,-0.023579829384746454,0.2682705361572175,0.2630099498222305,0.005260586334986994,2.4172733772238657,2.421931244629897,-0.004657867406031357,0.8391566265060242,0.8735294117647058,-0.03437278525868159,0.05789473684210526,0.06842105263157895,-0.01052631578947369,0.1801205338880189,0.16462919664837727,0.015491337239641634,0.4288816544273758,0.4330321928392277,-0.004150538411851923,0.7548929271525114,0.736586645831076,0.018306281321435414,0.46955183870416883
333330,5.0,7,1.1668467286062887,1.1455581270581985,0.021288601548090202,0.264891695516642,0.2630099498222305,0.001881745694411463,2.4213758386856803,2.421931244629897,-0.0005554059442167691,0.8205882352941177,0.8735294117647058,-0.05294117647058805,0.042105263157894736,0.06842105263157895,-0.026315789473684216,0.15808585253157545,0.16462919664837727,-0.006543344116801825,0.43410136473485367,0.4330321928392277,0.0010691718956259422,0.7111396311991076,0.736586645831076,-0.025447014631968412,0.015345273159554917
333330,10.0,0,1.170742180046425,1.1455581270581985,0.02518405298822657,0.26556045105849957,0.2630099498222305,0.0025505012362690427,2.4224729916719827,2.421931244629897,0.0005417470420856496,0.8487500000000001,0.8735294117647058,-0.02477941176470566,0.05789473684210526,0.06842105263157895,-0.01052631578947369,0.16890850256689607,0.16462919664837727,0.0042793059185188,0.4334471383205242,0.4330321928392277,0.00041494548129644704,0.5338068154408396,0.736586645831076,-0.2027798303902364,0.26908236772534555
333330,10.0,1,1.1020486520164954,1.1455581270581985,-0.043509475041703105,0.27276111313971957,0.2630099498222305,0.009751163317489042,2.417029807078187,2.421931244629897,-0.0049014375517102415,0.8363013698630137,0.8735294117647058,-0.037228041901692044,0.05263157894736842,0.06842105263157895,-0.015789473684210534,0.16027288744920565,0.16462919664837727,-0.004356309199171626,0.42858408718970364,0.4330321928392277,-0.004448105649524081,0.6611288432622865,0.736586645831076,-0.07545780256878953,0.5104895193573511
333330,10.0,2,1.591992278141972,1.1455581270581985,0.4464341510837735,0.271828025122308,0.2630099498222305,0.0088180753000775,2.4201935083498154,2.421931244629897,-0.0017377362800816698,0.826056338028169,0.8735294117647058,-0.04747307373653675,0.05789473684210526,0.06842105263157895,-0.01052631578947369,0.1511878517347988,0.16462919664837727,-0.013441344913578485,0.4340301459831208,0.4330321928392277,0.00099795314389306,0.20406002520250202,0.736586645831076,-0.532526620628574,0.22149922625863416
333330,10.0,3,1.2821785716217664,1.1455581270581985,0.13662044456356792,0.26587261618873403,0.2630099498222305,0.002862666366503508,2.4198257859198953,2.421931244629897,-0.002105458710001784,0.7852941176470589,0.8735294117647058,-0.08823529411764686,0.03684210526315789,0.06842105263157895,-0.03157894736842106,0.1566754163674787,0.16462919664837727,-0.007953780280898576,0.43403572047302025,0.4330321928392277,0.0010035276337925225,0.25676739179813685,0.736586645831076,-0.4798192540329392,0.32147453041040197
333330,10.0,4,1.145725344240958,1.1455581270581985,0.00016721718275958253,0.26383249078813337,0.2630099498222305,0.0008225409659028404,2.419065539743303,2.421931244629897,-0.0028657048865938783,0.8326666666666667,0.8735294117647058,-0.04086274509803911,0.05263157894736842,0.06842105263157895,-0.015789473684210534,0.1470871324729929,0.16462919664837727,-0.01754206417538437,0.43677682606910223,0.4330321928392277,0.0037446332298745055,0.3360027398877553,0.736586645831076,-0.4005839059433207,0.09012723632956748
333330,10.0,5,1.2502675047212417,1.1455581270581985,0.10470937766304322,0.266434674195634,0.2630099498222305,0.003424724373403465,2.424272146955265,2.421931244629897,0.0023409023253679884,0.8432432432432432,0.8735294117647058,-0.030286168521462598,0.042105263157894736,0.06842105263157895,-0.026315789473684216,0.1600413529445497,0.16462919664837727,-0.004587843703827588,0.43570094367158796,0.4330321928392277,0.002668750832360234,0.3591201243460155,0.736586645831076,-0.37746652148506055,0.13070723475656498
333330,10.0,6,1.2752486736479978,1.1455581270581985,0.12969054658979928,0.2664277078807779,0.2630099498222305,0.003417758058547382,2.4173572182713903,2.421931244629897,-0.004574026358506789,0.8108108108108109,0.8735294117647058,-0.06271860095389492,0.04736842105263158,0.06842105263157895,-0.02105263157894737,0.16446494371302495,0.16462919664837727,-0.000164252935352327,0.4363187742197261,0.4330321928392277,0.0032865813804983657,0.22549572776557,0.736586645831076,-0.511090918065506,0.32398598320018857
333330,10.0,7,1.266780446341941,1.1455581270581985,0.1212223192837425,0.265762592550449,0.2630099498222305,0.0027526427282184573,2.419671069198578,2.421931244629897,-0.002260175431318956,0.7957142857142857,0.8735294117647058,-0.07781512605042007,0.05789473684210526,0.06842105263157895,-0.01052631578947369,0.15263007431384903,0.16462919664837727,-0.01199912233452824,0.441181733048543,0.4330321928392277,0.008149540209315298,0.6514140061735895,0.736586645831076,-0.08517263965748656,0.33588754675382404
333330,20.0,0,1.509763432504613,1.1455581270581985,0.3642053054464145,0.26830855123521685,0.2630099498222305,0.005298601412986326,2.4188647995335764,2.421931244629897,-0.0030664450963207024,0.7905797101449276,0.8735294117647058,-0.08294970161977822,0.03684210526315789,0.06842105263157895,-0.03157894736842106,0.1488282521445722,0.16462919664837727,-0.015800944503805064,0.43407317387095634,0.4330321928392277,0.0010409810317286161,0.16367757511940684,0.736586645831076,-0.5729090707116692,0.694982543990512
333330,20.0,1,1.156725545980101,1.1455581270581985,0.011167418921902428,0.2686257788746118,0.2630099498222305,0.005615829052381283,2.421533786962428,2.421931244629897,-0.0003974576674692365,0.8253623188405796,0.8735294117647058,-0.04816709292412613,0.04736842105263158,0.06842105263157895,-0.02105263157894737,0.1544206951402428,0.16462919664837727,-0.010208501508134488,0.43527934883780356,0.4330321928392277,0.002247155998575834,0.5341569544085794,0.736586645831076,-0.20242969142249667,0.5424614872750033
333330,20.0,2,1.13625052436636,1.1455581270581985,-0.00930760269183839,0.2669962603225639,0.2630099498222305,0.003986310500333379,2.417830920769766,2.421931244629897,-0.004100323860130928,0.8086666666666666,0.8735294117647058,-0.06486274509803913,0.042105263157894736,0.06842105263157895,-0.026315789473684216,0.16085889276122636,0.16462919664837727,-0.003770303887150911,0.4324123964325464,0.4330321928392277,-0.0006197964066813055,0.3628846521272631,0.736586645831076,-0.3737019937038129,0.4422896471227804
333330,20.0,3,1.1503265044690547,1.1455581270581985,0.004768377410856228,0.26548154678365127,0.2630099498222305,0.002471596961420741,2.4195822812919885,2.421931244629897,-0.0023489633379085717,0.7847826086956522,0.8735294117647058,-0.08874680306905358,0.042105263157894736,0.06842105263157895,-0.026315789473684216,0.1526578043676416,0.16462919664837727,-0.011971392280735682,0.43288023141626425,0.4330321928392277,-0.0001519614229634758,0.16765687609411817,0.736586645831076,-0.5689297697369579,0.22974758497948544
333330,20.0,4,1.3296683642914249,1.1455581270581985,0.1841102372332264,0.27329645352065995,0.2630099498222305,0.010286503698429428,2.4182833837431406,2.421931244629897,-0.0036478608867565043,0.8171052631578947,0.8735294117647058,-0.05642414860681111,0.05263157894736842,0.06842105263157895,-0.015789473684210534,0.16241095165973948,0.16462919664837727,-0.002218244988637791,0.43238968546282286,0.4330321928392277,-0.0006425073764048661,0.6608860767802771,0.736586645831076,-0.07570056905079892,0.4545585157142811
333330,20.0,5,1.1002481224527005,1.1455581270581985,-0.045310004605497944,0.273997721162698,0.2630099498222305,0.010987771340467467,2.4163846660361106,2.421931244629897,-0.005546578593786489,0.8166666666666667,0.8735294117647058,-0.056862745098039125,0.04736842105263158,0.06842105263157895,-0.02105263157894737,0.15881857326722174,0.16462919664837727,-0.0058106233811555386,0.42985563164717316,0.4330321928392277,-0.003176561192054561,0.5088759480066186,0.736586645831076,-0.2277106978244574,0.4979092623794612
333330,20.0,6,1.2175967186605012,1.1455581270581985,0.07203859160230275,0.26426317066197,0.2630099498222305,0.0012532208397394995,2.418959578553475,2.421931244629897,-0.002971666076422075,0.7979452054794521,0.8735294117647058,-0.07558420628525364,0.042105263157894736,0.06842105263157895,-0.026315789473684216,0.1568807060453638,0.16462919664837727,-0.007748490603013469,0.436490814325744,0.4330321928392277,0.0034586214865162668,0.6632029622413395,0.736586645831076,-0.07338368358973657,0.35607892923395035
333330,20.0,7,1.1348910734395654,1.1455581270581985,-0.010667053618633071,0.26837808442517563,0.2630099498222305,0.005368134602945107,2.41890614466344,2.421931244629897,-0.0030250999664569456,0.8471428571428572,0.8735294117647058,-0.02638655462184858,0.05789473684210526,0.06842105263157895,-0.01052631578947369,0.15820279146083643,0.16462919664837727,-0.00642640518754084,0.43532923257356504,0.4330321928392277,0.002297039734337314,0.7661549460957866,0.736586645831076,0.02956830026471058,0.6915845794109707
519647,0.0,0,1.3108894254243761,1.2744534330874622,0.03643599233691397,2.731168731340953,2.7226636811781844,0.00850505016276859,0.1361564568243091,0.13619431693091347,-3.7860106604364896e-05,0.8216216216216216,0.9119718309859156,-0.09035020936429405,0.02631578947368421,0.03684210526315789,-0.010526315789473682,0.1759809097450736,0.19185888577887802,-0.01587797603380442,0.44259363080711067,0.4421896588119667,0.0004039719951439702,0.4142224920579876,0.5405057845746039,-0.12628329251661624,0.11335062793731976
519647,0.0,1,1.2160305284665673,1.2744534330874622,-0.05842290462089483,2.732315732033065,2.7226636811781844,0.009652050854880745,0.1361860825421653,0.13619431693091347,-8.234388748168397e-06,0.7743243243243244,0.9119718309859156,-0.1376475066615912,0.03684210526315789,0.03684210526315789,0.0,0.1712212902441575,0.19185888577887802,-0.020637595534720526,0.4423831526679701,0.4421896588119667,0.00019349385600342384,0.1544812419503147,0.5405057845746039,-0.38602454262428915,1.7998811700223936
519647,0.0,2,1.8074050415479865,1.2744534330874622,0.5329516084605244,2.733199805611504,2.7226636811781844,0.010536124433319749,0.13617164090020611,0.13619431693091347,-2.267603070735258e-05,0.8324324324324325,0.9119718309859156,-0.07953939855348313,0.03684210526315789,0.03684210526315789,0.0,0.1717998821003704,0.19185888577887802,-0.02005900367850763,0.4428338620874812,0.4421896588119667,0.00064420327551451,0.5397089099862686,0.5405057845746039,-0.0007968745883352168,2.738573579464413
519647,0.0,3,1.3002977577054042,1.2744534330874622,0.02584432461794206,2.7309930380150083,2.7226636811781844,0.008329356836823898,0.136189474253131,0.13619431693091347,-4.8426777824739364e-06,0.88375,0.9119718309859156,-0.028221830985915575,0.03684210526315789,0.03684210526315789,0.0,0.18047555740382376,0.19185888577887802,-0.011383328375054264,0.4423679680621636,0.4421896588119667,0.00017830925019690635,0.6166203543327673,0.5405057845746039,0.07611456975816344,1.272027503639591
519647,0.0,4,1.4707575470304566,1.2744534330874622,0.1963041139429944,2.746158183513781,2.7226636811781844,0.02349450233559658,0.136082020715302,0.13619431693091347,-0.00011229621561145708,0.8209677419354838,0.9119718309859156,-0.09100408905043178,0.031578947368421054,0.03684210526315789,-0.005263157894736838,0.17917272462730977,0.19185888577887802,-0.01268616115156826,0.44242616355217196,0.4421896588119667,0.0002365047402052567,0.2144638536344764,0.5405057845746039,-0.32604193094012746,0.9905717756435775
519647,0.0,5,1.3446857302599056,1.2744534330874622,0.07023229717244339,2.738362117786664,2.7226636811781844,0.015698436608479582,0.13595971117889474,0.13619431693091347,-0.0002346057520187239,0.805,0.9119718309859156,-0.10697183098591556,0.05789473684210526,0.03684210526315789,0.02105263157894737,0.16936036177499628,0.19185888577887802,-0.022498524003881748,0.44273126413695524,0.4421896588119667,0.0005416053249885366,0.5389071862556781,0.5405057845746039,-0.0015985983189257258,0.4568897137345449
519647,0.0,6,1.2379817833613314,1.2744534330874622,-0.03647164972613082,2.7291693306983036,2.7226636811781844,0.006505649520119228,0.13617749223351863,0.13619431693091347,-1.6824697394834942e-05,0.8327160493827162,0.9119718309859156,-0.07925578160319946,0.03684210526315789,0.03684210526315789,0.0,0.17590776037366246,0.19185888577887802,-0.015951125405215566,0.44235731692265073,0.4421896588119667,0.00016765811068403247,0.2694765774259369,0.5405057845746039,-0.27102920714866696,0.30886511526275306
519647,0.0,7,1.5048080158748292,1.2744534330874622,0.23035458278736698,2.7378700516794416,2.7226636811781844,0.015206370501257283,0.13610467538311424,0.13619431693091347,-8.964154779922406e-05,0.7902777777777777,0.9119718309859156,-0.12169405320813786,0.03684210526315789,0.03684210526315789,0.0,0.16631216908068805,0.19185888577887802,-0.025546716698189975,0.44267426917345015,0.4421896588119667,0.0004846103614834507,0.10171553636974939,0.5405057845746039,-0.43879024820485446,1.1230755133004096
519647,5.0,0,1.2721691875625123,1.2744534330874622,-0.0022842455249498794,2.7293118571640718,2.7226636811781844,0.006648175985887406,0.13616246443893387,0.13619431693091347,-3.185249197959483e-05,0.8318181818181818,0.9119718309859156,-0.08015364916773382,0.031578947368421054,0.03684210526315789,-0.005263157894736838,0.18792374567838105,0.19185888577887802,-0.0039351401004969755,0.4422580069595517,0.4421896588119667,6.834814758499563e-05,0.1632539498064195,0.5405057845746039,-0.37725183476818436,0.2381394793278464
519647,5.0,1,1.360018272118689,1.2744534330874622,0.08556483903122691,2.732429012451083,2.7226636811781844,0.009765331272898692,0.136097319662685,0.13619431693091347,-9.699726822845478e-05,0.7833333333333334,0.9119718309859156,-0.12863849765258217,0.021052631578947368,0.03684210526315789,-0.015789473684210523,0.18151448344979465,0.19185888577887802,-0.010344402329083374,0.44253078945812774,0.4421896588119667,0.0003411306461610364,0.4400670109000125,0.5405057845746039,-0.10043877367459136,0.2606344661008745
519647,5.0,2,1.6246645967094375,1.2744534330874622,0.35021116362197535,2.7279620659772257,2.7226636811781844,0.005298384799041322,0.13613201468686156,0.13619431693091347,-6.230224405190388e-05,0.8335443037974685,0.9119718309859156,-0.07842752718844714,0.02631578947368421,0.03684210526315789,-0.010526315789473682,0.1819317957170366,0.19185888577887802,-0.00992709006184142,0.4424835683860291,0.4421896588119667,0.0002939095740623898,0.6827953133502008,0.5405057845746039,0.14228952877559697,0.6729067112106043
519647,5.0,3,1.8682838133300743,1.2744534330874622,0.5938303802426121,2.7353567612247613,2.7226636811781844,0.012693080046576988,0.13614738621341022,0.13619431693091347,-4.693071750325184e-05,0.8400000000000001,0.9119718309859156,-0.07197183098591553,0.03684210526315789,0.03684210526315789,0.0,0.16946854173246226,0.19185888577887802,-0.022390344046415767,0.442589230650716,0.4421896588119667,0.0003995718387492797,0.6219417909399861,0.5405057845746039,0.08143600636538229,0.9823819271602573
519647,5.0,4,1.325636527093537,1.2744534330874622,0.0511830940060749,2.73010056557815,2.7226636811781844,0.007436884399965482,0.1361244144538636,0.13619431693091347,-6.990247704985464e-05,0.8286666666666667,0.9119718309859156,-0.08330516431924895,0.031578947368421054,0.03684210526315789,-0.005263157894736838,0.1720222835488192,0.19185888577887802,-0.019836602230058814,0.44245936231649347,0.4421896588119667,0.0002697035045267637,0.4266324320254194,0.5405057845746039,-0.11387335254918446,0.44797355359534874
519647,5.0,5,1.2460330278585052,1.2744534330874622,-0.028420405228956946,2.732440783576843,2.7226636811781844,0.009777102398658588,0.13613473287095598,0.13619431693091347,-5.9584059957484836e-05,0.8126865671641792,0.9119718309859156,-0.09928526382173641,0.021052631578947368,0.03684210526315789,-0.015789473684210523,0.17923851118200124,0.19185888577887802,-0.012620374596876788,0.4425168046954865,0.4421896588119667,0.000327145883519786,0.586838596823727,0.5405057845746039,0.04633281224912311,0.23819939277109903
519647,5.0,6,1.687200448722828,1.2744534330874622,0.41274701563536587,2.7388676125573377,2.7226636811781844,0.016203931379153325,0.13610626030978373,0.13619431693091347,-8.8056621129734e-05,0.7891891891891891,0.9119718309859156,-0.12278264179672649,0.031578947368421054,0.03684210526315789,-0.005263157894736838,0.17721995909686647,0.19185888577887802,-0.014638926682011555,0.44259209174678754,0.4421896588119667,0.00040243293482083997,0.4467774728811867,0.5405057845746039,-0.09372831169341717,0.8434171121255218
519647,5.0,7,1.1762230865231273,1.2744534330874622,-0.09823034656433483,2.736342415153515,2.7226636811781844,0.013678733975330815,0.13616801636392406,0.13619431693091347,-2.630056698940675e-05,0.9014705882352942,0.9119718309859156,-0.010501242750621365,0.042105263157894736,0.03684210526315789,0.005263157894736845,0.18446630898912683,0.19185888577887802,-0.007392576789751193,0.4422062349181844,0.4421896588119667,1.6576106217691677e-05,0.10276045637160278,0.5405057845746039,-0.43774532820300105,0.36000051108013054
519647,10.0,0,1.7111854780834468,1.2744534330874622,0.4367320449959846,2.7332954375991942,2.7226636811781844,0.010631756421009886,0.13617246872353725,0.13619431693091347,-2.1848207376218287e-05,0.8417808219178082,0.9119718309859156,-0.07019100906810738,0.02631578947368421,0.03684210526315789,-0.010526315789473682,0.18838725589280472,0.19185888577887802,-0.003471629886073302,0.44240329660894945,0.4421896588119667,0.00021363779698274632,0.7491399450104963,0.5405057845746039,0.20863416043589245,0.5970884634727431
519647,10.0,1,1.2911389351389717,1.2744534330874622,0.016685502051509538,2.7288979778405356,2.7226636811781844,0.006234296662351202,0.1361949376433242,0.13619431693091347,6.207124107204809e-07,0.8930555555555555,0.9119718309859156,-0.01891627543036012,0.03684210526315789,0.03684210526315789,0.0,0.18244743787420922,0.19185888577887802,-0.009411447904668802,0.4421783392469583,0.4421896588119667,-1.1319565008383048e-05,0.46844646430897724,0.5405057845746039,-0.07205932026562661,0.4773368736735589
519647,10.0,2,1.5026929127309754,1.2744534330874622,0.2282394796435132,2.7279960086119064,2.7226636811781844,0.005332327433722028,0.1361805464800582,0.13619431693091347,-1.377045085526607e-05,0.8905405405405405,0.9119718309859156,-0.021431290445375062,0.02631578947368421,0.03684210526315789,-0.010526315789473682,0.18560666531338582,0.19185888577887802,-0.006252220465492203,0.4423145671462907,0.4421896588119667,0.00012490833432399207,0.2680328401200436,0.5405057845746039,-0.2724729444545603,0.39456322516354325
519647,10.0,3,1.2905553227545212,1.2744534330874622,0.016101889667059055,2.7268478023938445,2.7226636811781844,0.0041841212156601415,0.13619490999694636,0.13619431693091347,5.930660328945514e-07,0.8487179487179487,0.9119718309859156,-0.06325388226796691,0.042105263157894736,0.03684210526315789,0.005263157894736845,0.18028887401958435,0.19185888577887802,-0.011570011759293675,0.4421673444219608,0.4421896588119667,-2.23143900058842e-05,0.7627923301995233,0.5405057845746039,0.22228654562491945,0.06553854745742638
519647,10.0,4,1.3116336723278614,1.2744534330874622,0.03718023924039926,2.7341235928046808,2.7226636811781844,0.0114599116264964,0.13619328349569515,0.13619431693091347,-1.0334352183172246e-06,0.8956790123456789,0.9119718309859156,-0.016292818640236684,0.06315789473684211,0.03684210526315789,0.026315789473684216,0.184752374443058,0.19185888577887802,-0.0071065113358200205,0.44218195648477276,0.4421896588119667,-7.702327193936931e-06,0.6992062021024319,0.5405057845746039,0.15870041752782804,0.5262595027810495
519647,10.0,5,1.8162554457147555,1.2744534330874622,0.5418020126272933,2.7370732010495065,2.7226636811781844,0.014409519871322107,0.13616166658272313,0.13619431693091347,-3.2650348190332856e-05,0.7680555555555555,0.9119718309859156,-0.14391627543036012,0.031578947368421054,0.03684210526315789,-0.005263157894736838,0.17446219884768635,0.19185888577887802,-0.017396686931191674,0.44250844766527775,0.4421896588119667,0.0003187888533110472,0.2899357217798426,0.5405057845746039,-0.25057006279476124,0.53945749312803
519647,10.0,6,1.351500351313362,1.2744534330874622,0.07704691822589993,2.7309533139344944,2.7226636811781844,0.008289632756310006,0.13619036658799075,0.13619431693091347,-3.950342922720562e-06,0.8648648648648649,0.9119718309859156,-0.0471069661210507,0.02631578947368421,0.03684210526315789,-0.010526315789473682,0.18382312014329205,0.19185888577887802,-0.008035765635585973,0.4422260958464876,0.4421896588119667,3.6437034520886424e-05,0.6401746243027221,0.5405057845746039,0.09966883972811824,0.1855144571883578
519647,10.0,7,1.441519692457644,1.2744534330874622,0.16706625937018194,2.7302347818160917,2.7226636811781844,0.007571100637907335,0.13618027406286487,0.13619431693091347,-1.4042868048597112e-05,0.8554794520547946,0.9119718309859156,-0.05649237893112102,0.02631578947368421,0.03684210526315789,-0.010526315789473682,0.19126362452575024,0.19185888577887802,-0.0005952612531277823,0.4423233053065525,0.4421896588119667,0.00013364649458580402,0.4259115734784935,0.5405057845746039,-0.11459421109611034,0.21464842013578211
519647,20.0,0,1.2954912833658936,1.2744534330874622,0.021037850278431414,2.7286414515037527,2.7226636811781844,0.005977770325568343,0.13619439123707663,0.13619431693091347,7.430616316694838e-08,0.8816455696202532,0.9119718309859156,-0.03032626136566241,0.05263157894736842,0.03684210526315789,0.015789473684210527,0.1857356338807449,0.19185888577887802,-0.00612325189813312,0.442188126288206,0.4421896588119667,-1.5325237607277664e-06,0.4484017101019581,0.5405057845746039,-0.09210407447264574,0.28486699956907
519647,20.0,1,1.2954912833658936,1.2744534330874622,0.021037850278431414,2.728361751178874,2.7226636811781844,0.005698070000689448,0.13619448965992634,0.13619431693091347,1.7272901287057607e-07,0.9007042253521126,0.9119718309859156,-0.011267605633803024,0.042105263157894736,0.03684210526315789,0.005263157894736845,0.19128406602817413,0.19185888577887802,-0.0005748197507038921,0.44218977877291826,0.4421896588119667,1.1996095156119324e-07,0.4186564936560514,0.5405057845746039,-0.12184929091855246,0.003267640434343022
519647,20.0,2,1.2484838997100105,1.2744534330874622,-0.02596953337745167,2.7260992599986746,2.7226636811781844,0.0034355788204902815,0.1361944147898177,0.13619431693091347,9.78589042299749e-08,0.85,0.9119718309859156,-0.06197183098591563,0.031578947368421054,0.03684210526315789,-0.005263157894736838,0.1804516958821923,0.19185888577887802,-0.011407189896685738,0.44219182587036815,0.4421896588119667,2.167058401447708e-06,0.576089283286474,0.5405057845746039,0.035583498711870165,0.7305884329453352
519647,20.0,3,1.2954912833658936,1.2744534330874622,0.021037850278431414,2.728946274198252,2.7226636811781844,0.006282593020067839,0.13619450595854618,0.13619431693091347,1.8902763271322343e-07,0.8917721518987343,0.9119718309859156,-0.020199679087181344,0.042105263157894736,0.03684210526315789,0.005263157894736845,0.18605601063370186,0.19185888577887802,-0.005802875145176162,0.44220137499228396,0.4421896588119667,1.1716180317256075e-05,0.6673990061330274,0.5405057845746039,0.12689322155842353,0.3306217839780605
519647,20.0,4,1.2954912833658936,1.2744534330874622,0.021037850278431414,2.7261906657305026,2.7226636811781844,0.0035269845523182575,0.1361945943091249,0.13619431693091347,2.773782114273704e-07,0.8954545454545455,0.9119718309859156,-0.016517285531370107,0.042105263157894736,0.03684210526315789,0.005263157894736845,0.18814783096826276,0.19185888577887802,-0.0037110548106152608,0.44216996326437147,0.4421896588119667,-1.9695547595233176e-05,0.35009002816589085,0.5405057845746039,-0.190415756408713,0.4176210387072441
519647,20.0,5,1.2261582333314578,1.2744534330874622,-0.04829519975600438,2.7368511559531004,2.7226636811781844,0.014187474774915998,0.13619452968989068,0.13619431693091347,2.1275897721384496e-07,0.886231884057971,0.9119718309859156,-0.025739946927944568,0.05263157894736842,0.03684210526315789,0.015789473684210527,0.1953630252983567,0.19185888577887802,0.0035041395194786717,0.44217567897972865,0.4421896588119667,-1.3979832238053547e-05,0.24886237839775163,0.5405057845746039,-0.29164340617685225,1.0622628282978783
519647,20.0,6,1.2954912833658936,1.2744534330874622,0.021037850278431414,2.7254519351919133,2.7226636811781844,0.0027882540137289524,0.13619446704084942,0.13619431693091347,1.5010993595354627e-07,0.8300000000000001,0.9119718309859156,-0.08197183098591554,0.031578947368421054,0.03684210526315789,-0.005263157894736838,0.18853537857767028,0.19185888577887802,-0.0033235072012077482,0.44218447277590184,0.4421896588119667,-5.186036064863675e-06,0.1675207499548229,0.5405057845746039,-0.37298503461978094,1.5523746761034634
519647,20.0,7,1.2954912833658936,1.2744534330874622,0.021037850278431414,2.7306690851947564,2.7226636811781844,0.008005404016572015,0.13619461329535928,0.13619431693091347,2.9636444581759847e-07,0.8985294117647058,0.9119718309859156,-0.013442419221209811,0.042105263157894736,0.03684210526315789,0.005263157894736845,0.18777280360390414,0.19185888577887802,-0.004086082174973887,0.4421688148743373,0.4421896588119667,-2.084393762941117e-05,0.4036942904681844,0.5405057845746039,-0.13681149410641946,0.1313502881206119
