subject,port,B,variant,kappa,R0max
304727,T2,0,orig,0.001,56.34425227620843
304727,T2,0,orig,0.001584893192461114,56.45146905451508
304727,T2,0,orig,0.0025118864315095794,56.62074728131691
304727,T2,0,orig,0.003981071705534973,56.88741533486965
304727,T2,0,orig,0.006309573444801929,57.306026884742444
304727,T2,0,orig,0.01,57.95951893188578
304727,T2,0,orig,0.01584893192461114,58.97082311666423
304727,T2,0,orig,0.025118864315095808,60.514679588525404
304727,T2,0,orig,0.039810717055349734,62.82237848996489
304727,T2,0,orig,0.06309573444801933,66.16302058224255
304727,T2,0,orig,0.09999999999999999,70.77571952053025
304727,T2,0,orig,0.1584893192461114,76.7401372426649
304727,T2,0,orig,0.25118864315095824,83.85303582109367
304727,T2,0,orig,0.3981071705534973,91.704711367769
304727,T2,0,orig,0.6309573444801936,100.03075692121186
304727,T2,0,orig,1.0,108.88646604906232
304727,T2,0,orig,1.584893192461114,118.2735684123423
304727,T2,0,orig,2.511886431509582,127.78384807280898
304727,T2,0,orig,3.9810717055349736,136.70816474356403
304727,T2,0,orig,6.309573444801936,144.38688316619061
304727,T2,0,orig,10.0,150.47840913824325
304727,T2,0,surr0,0.001,53.75063625427671
304727,T2,0,surr0,0.001584893192461114,53.856222886302156
304727,T2,0,surr0,0.0025118864315095794,54.02294155954206
304727,T2,0,surr0,0.003981071705534973,54.285613008541645
304727,T2,0,surr0,0.006309573444801929,54.69803950807856
304727,T2,0,surr0,0.01,55.34209720469759
304727,T2,0,surr0,0.01584893192461114,56.339349307874286
304727,T2,0,surr0,0.025118864315095808,57.86310058903094
304727,T2,0,surr0,0.039810717055349734,60.14401162897952
304727,T2,0,surr0,0.06309573444801933,63.45360857120572
304727,T2,0,surr0,0.09999999999999999,68.04105515870503
304727,T2,0,surr0,0.1584893192461114,74.01035423547798
304727,T2,0,surr0,0.25118864315095824,81.20053456035224
304727,T2,0,surr0,0.3981071705534973,89.25027874167257
304727,T2,0,surr0,0.6309573444801936,97.916741123902
304727,T2,0,surr0,1.0,107.22222697634533
304727,T2,0,surr0,1.584893192461114,117.09095720190082
304727,T2,0,surr0,2.511886431509582,127.0300549032436
304727,T2,0,surr0,3.9810717055349736,136.27624982061212
304727,T2,0,surr0,6.309573444801936,144.16194477525238
304727,T2,0,surr0,10.0,150.37011984380487
304727,T2,0,surr1,0.001,53.93647556399487
304727,T2,0,surr1,0.001584893192461114,54.041254680141606
304727,T2,0,surr1,0.0025118864315095794,54.20669889559595
304727,T2,0,surr1,0.003981071705534973,54.46736388294026
304727,T2,0,surr1,0.006309573444801929,54.876643791146215
304727,T2,0,surr1,0.01,55.51579740473604
304727,T2,0,surr1,0.01584893192461114,56.50548119430469
304727,T2,0,surr1,0.025118864315095808,58.01773395820535
304727,T2,0,surr1,0.039810717055349734,60.28160511480923
304727,T2,0,surr1,0.06309573444801933,63.56693171590433
304727,T2,0,surr1,0.09999999999999999,68.12191844010029
304727,T2,0,surr1,0.1584893192461114,74.05190808554299
304727,T2,0,surr1,0.25118864315095824,81.20130731603254
304727,T2,0,surr1,0.3981071705534973,89.21779072354892
304727,T2,0,surr1,0.6309573444801936,97.86640831227949
304727,T2,0,surr1,1.0,107.17089701186983
304727,T2,0,surr1,1.584893192461114,117.05034337337072
304727,T2,0,surr1,2.511886431509582,127.00394387873177
304727,T2,0,surr1,3.9810717055349736,136.26217351872725
304727,T2,0,surr1,6.309573444801936,144.1553329150164
304727,T2,0,surr1,10.0,150.36729464680622
304727,T2,0,surr2,0.001,54.901115575942974
304727,T2,0,surr2,0.001584893192461114,55.00600068313044
304727,T2,0,surr2,0.0025118864315095794,55.17160689281702
304727,T2,0,surr2,0.003981071705534973,55.43251369290505
304727,T2,0,surr2,0.006309573444801929,55.84213980213613
304727,T2,0,surr2,0.01,56.481750852051874
304727,T2,0,surr2,0.01584893192461114,57.47193743169835
304727,T2,0,surr2,0.025118864315095808,58.98445600276639
304727,T2,0,surr2,0.039810717055349734,61.24751676098165
304727,T2,0,surr2,0.06309573444801933,64.52883933553
304727,T2,0,surr2,0.09999999999999999,69.07194670348404
304727,T2,0,surr2,0.1584893192461114,74.97333437442974
304727,T2,0,surr2,0.25118864315095824,82.0642038450506
304727,T2,0,surr2,0.3981071705534973,89.97951283159415
304727,T2,0,surr2,0.6309573444801936,98.48310530567746
304727,T2,0,surr2,1.0,107.61739478934587
304727,T2,0,surr2,1.584893192461114,117.33407198340707
304727,T2,0,surr2,2.511886431509582,127.16102426428593
304727,T2,0,surr2,3.9810717055349736,136.33860436976127
304727,T2,0,surr2,6.309573444801936,144.18882203299216
304727,T2,0,surr2,10.0,150.3809501546591
304727,T2,10,orig,0.001,56.34425227620843
304727,T2,10,orig,0.001584893192461114,56.45146905451508
304727,T2,10,orig,0.0025118864315095794,56.62074728131691
304727,T2,10,orig,0.003981071705534973,56.88741533486965
304727,T2,10,orig,0.006309573444801929,57.306026884742444
304727,T2,10,orig,0.01,57.95951893188578
304727,T2,10,orig,0.01584893192461114,58.97082311666423
304727,T2,10,orig,0.025118864315095808,60.514679588525404
304727,T2,10,orig,0.039810717055349734,62.82237848996489
304727,T2,10,orig,0.06309573444801933,66.16302058224255
304727,T2,10,orig,0.09999999999999999,70.77571952053025
304727,T2,10,orig,0.1584893192461114,76.7401372426649
304727,T2,10,orig,0.25118864315095824,83.85303582109367
304727,T2,10,orig,0.3981071705534973,91.704711367769
304727,T2,10,orig,0.6309573444801936,100.03075692121186
304727,T2,10,orig,1.0,108.88646604906232
304727,T2,10,orig,1.584893192461114,118.2735684123423
304727,T2,10,orig,2.511886431509582,127.78384807280898
304727,T2,10,orig,3.9810717055349736,136.70816474356403
304727,T2,10,orig,6.309573444801936,144.38688316619061
304727,T2,10,orig,10.0,150.47840913824325
304727,T2,10,surr0,0.001,53.914878818873234
304727,T2,10,surr0,0.001584893192461114,54.0197761555531
304727,T2,10,surr0,0.0025118864315095794,54.18540742105774
304727,T2,10,surr0,0.003981071705534973,54.44636806436381
304727,T2,10,surr0,0.006309573444801929,54.856114540774925
304727,T2,10,surr0,0.01,55.49600251822414
304727,T2,10,surr0,0.01584893192461114,56.48683726313532
304727,T2,10,surr0,0.025118864315095808,58.000881236013036
304727,T2,10,surr0,0.039810717055349734,60.26750718468447
304727,T2,10,surr0,0.06309573444801933,63.556985508710305
304727,T2,10,surr0,0.09999999999999999,68.11801309622508
304727,T2,10,surr0,0.1584893192461114,74.05626997165076
304727,T2,10,surr0,0.25118864315095824,81.21584344242373
304727,T2,10,surr0,0.3981071705534973,89.24274033301256
304727,T2,10,surr0,0.6309573444801936,97.89887241540822
304727,T2,10,surr0,1.0,107.2048767866982
304727,T2,10,surr0,1.584893192461114,117.07933829684917
304727,T2,10,surr0,2.511886431509582,127.02434228239476
304727,T2,10,surr0,3.9810717055349736,136.27427260952732
304727,T2,10,surr0,6.309573444801936,144.1615907902829
304727,T2,10,surr0,10.0,150.37022581094666
304727,T2,10,surr1,0.001,55.115127694907855
304727,T2,10,surr1,0.001584893192461114,55.221285897683764
304727,T2,10,surr1,0.0025118864315095794,55.3889002564647
304727,T2,10,surr1,0.003981071705534973,55.652965845227655
304727,T2,10,surr1,0.006309573444801929,56.06753874173519
304727,T2,10,surr1,0.01,56.71484234519211
304727,T2,10,surr1,0.01584893192461114,57.716858043227774
304727,T2,10,surr1,0.025118864315095808,59.247244214406216
304727,T2,10,surr1,0.039810717055349734,61.53653077514693
304727,T2,10,surr1,0.06309573444801933,64.85460786200572
304727,T2,10,surr1,0.09999999999999999,69.44548691147817
304727,T2,10,surr1,0.1584893192461114,75.40164331389464
304727,T2,10,surr1,0.25118864315095824,82.54276820451709
304727,T2,10,surr1,0.3981071705534973,90.48575495376832
304727,T2,10,surr1,0.6309573444801936,98.97814878375547
304727,T2,10,surr1,1.0,108.05758887538038
304727,T2,10,surr1,1.584893192461114,117.68509358871587
304727,T2,10,surr1,2.511886431509582,127.40915459287834
304727,T2,10,surr1,3.9810717055349736,136.49362044776913
304727,T2,10,surr1,6.309573444801936,144.27517632390374
304727,T2,10,surr1,10.0,150.42462649407736
304727,T2,10,surr2,0.001,53.90669356401809
304727,T2,10,surr2,0.001584893192461114,54.01058544006435
304727,T2,10,surr2,0.0025118864315095794,54.17463004656752
304727,T2,10,surr2,0.003981071705534973,54.433093222026585
304727,T2,10,surr2,0.006309573444801929,54.838924383609964
304727,T2,10,surr2,0.01,55.472713422905045
304727,T2,10,surr2,0.01584893192461114,56.45414397940398
304727,T2,10,surr2,0.025118864315095808,57.953920543097226
304727,T2,10,surr2,0.039810717055349734,60.19945443069873
304727,T2,10,surr2,0.06309573444801933,63.45901932572896
304727,T2,10,surr2,0.09999999999999999,67.98036406489547
304727,T2,10,surr2,0.1584893192461114,73.87138380835945
304727,T2,10,surr2,0.25118864315095824,80.98400489921573
304727,T2,10,surr2,0.3981071705534973,88.97757037864197
304727,T2,10,surr2,0.6309573444801936,97.62703594095139
304727,T2,10,surr2,1.0,106.95781824496449
304727,T2,10,surr2,1.584893192461114,116.88198595938235
304727,T2,10,surr2,2.511886431509582,126.88653032223544
304727,T2,10,surr2,3.9810717055349736,136.18981612077482
304727,T2,10,surr2,6.309573444801936,144.1154897131708
304727,T2,10,surr2,10.0,150.3473200587246
304727,T3,0,orig,0.001,279.59523137282594
304727,T3,0,orig,0.001584893192461114,279.70443647162426
304727,T3,0,orig,0.0025118864315095794,279.8773268215546
304727,T3,0,orig,0.003981071705534973,280.1508681668557
304727,T3,0,orig,0.006309573444801929,280.58322190823264
304727,T3,0,orig,0.01,281.26550807526706
304727,T3,0,orig,0.01584893192461114,282.3395155323414
304727,T3,0,orig,0.025118864315095808,284.023503004533
304727,T3,0,orig,0.039810717055349734,286.6476840472408
304727,T3,0,orig,0.06309573444801933,290.6979719828441
304727,T3,0,orig,0.09999999999999999,296.85786582557137
304727,T3,0,orig,0.1584893192461114,306.0194278529414
304727,T3,0,orig,0.25118864315095824,319.20410347722833
304727,T3,0,orig,0.3981071705534973,337.31133242825103
304727,T3,0,orig,0.6309573444801936,360.6583849017792
304727,T3,0,orig,1.0,388.4611973198694
304727,T3,0,orig,1.584893192461114,418.64862628924243
304727,T3,0,orig,2.511886431509582,448.3513464612327
304727,T3,0,orig,3.9810717055349736,474.88975068146925
304727,T3,0,orig,6.309573444801936,496.62014554744417
304727,T3,0,orig,10.0,513.1576730531482
304727,T3,0,surr0,0.001,297.5851711786694
304727,T3,0,surr0,0.001584893192461114,297.678985696761
304727,T3,0,surr0,0.0025118864315095794,297.8275246962716
304727,T3,0,surr0,0.003981071705534973,298.06257462827597
304727,T3,0,surr0,0.006309573444801929,298.4341808056866
304727,T3,0,surr0,0.01,299.0208299314932
304727,T3,0,surr0,0.01584893192461114,299.94485528567793
304727,T3,0,surr0,0.025118864315095808,301.3950642686855
304727,T3,0,surr0,0.039810717055349734,303.65831456220434
304727,T3,0,surr0,0.06309573444801933,307.1595688129604
304727,T3,0,surr0,0.09999999999999999,312.5031284607077
304727,T3,0,surr0,0.1584893192461114,320.4920382997471
304727,T3,0,surr0,0.25118864315095824,332.07554270092254
304727,T3,0,surr0,0.3981071705534973,348.14811067746206
304727,T3,0,surr0,0.6309573444801936,369.14762507759866
304727,T3,0,surr0,1.0,394.5508875037598
304727,T3,0,surr0,1.584893192461114,422.60627405699694
304727,T3,0,surr0,2.511886431509582,450.6761159295686
304727,T3,0,surr0,3.9810717055349736,476.13217191023887
304727,T3,0,surr0,6.309573444801936,497.232363047031
304727,T3,0,surr0,10.0,513.4404926436669
304727,T3,0,surr1,0.001,301.7982094893571
304727,T3,0,surr1,0.001584893192461114,301.89090803079483
304727,T3,0,surr1,0.0025118864315095794,302.0376767584255
304727,T3,0,surr1,0.003981071705534973,302.2699170948104
304727,T3,0,surr1,0.006309573444801929,302.63706069596753
304727,T3,0,surr1,0.01,303.21661337700397
304727,T3,0,surr1,0.01584893192461114,304.12933412654587
304727,T3,0,surr1,0.025118864315095808,305.5614903215172
304727,T3,0,surr1,0.039810717055349734,307.79581802693247
304727,T3,0,surr1,0.06309573444801933,311.250567829429
304727,T3,0,surr1,0.09999999999999999,316.51916128498374
304727,T3,0,surr1,0.1584893192461114,324.38744463885297
304727,T3,0,surr1,0.25118864315095824,335.7792550598351
304727,T3,0,surr1,0.3981071705534973,351.5568705333319
304727,T3,0,surr1,0.6309573444801936,372.13002979365547
304727,T3,0,surr1,1.0,396.9759116192988
304727,T3,0,surr1,1.584893192461114,424.3975914166416
304727,T3,0,surr1,2.511886431509582,451.8595211896286
304727,T3,0,surr1,3.9810717055349736,476.82940498386773
304727,T3,0,surr1,6.309573444801936,497.60251840827243
304727,T3,0,surr1,10.0,513.6208855191782
304727,T3,0,surr2,0.001,300.7232902107964
304727,T3,0,surr2,0.001584893192461114,300.8162305600431
304727,T3,0,surr2,0.0025118864315095794,300.9633819983151
304727,T3,0,surr2,0.003981071705534973,301.1962275728854
304727,T3,0,surr2,0.006309573444801929,301.56432714738617
304727,T3,0,surr2,0.01,302.1453869179632
304727,T3,0,surr2,0.01584893192461114,303.0604767592938
304727,T3,0,surr2,0.025118864315095808,304.49634136232163
304727,T3,0,surr2,0.039810717055349734,306.7364397886676
304727,T3,0,surr2,0.06309573444801933,310.20010263251186
304727,T3,0,surr2,0.09999999999999999,315.48235685318963
304727,T3,0,surr2,0.1584893192461114,323.37149210024705
304727,T3,0,surr2,0.25118864315095824,334.79531381986226
304727,T3,0,surr2,0.3981071705534973,350.62290992239633
304727,T3,0,surr2,0.6309573444801936,371.2747393788416
304727,T3,0,surr2,1.0,396.23920511476075
304727,T3,0,surr2,1.584893192461114,423.81894701623327
304727,T3,0,surr2,2.511886431509582,451.45529834599546
304727,T3,0,surr2,3.9810717055349736,476.5803441674552
304727,T3,0,surr2,6.309573444801936,497.46588064078867
304727,T3,0,surr2,10.0,513.5527643435489
304727,T3,10,orig,0.001,279.59523137282594
304727,T3,10,orig,0.001584893192461114,279.70443647162426
304727,T3,10,orig,0.0025118864315095794,279.8773268215546
304727,T3,10,orig,0.003981071705534973,280.1508681668557
304727,T3,10,orig,0.006309573444801929,280.58322190823264
304727,T3,10,orig,0.01,281.26550807526706
304727,T3,10,orig,0.01584893192461114,282.3395155323414
304727,T3,10,orig,0.025118864315095808,284.023503004533
304727,T3,10,orig,0.039810717055349734,286.6476840472408
304727,T3,10,orig,0.06309573444801933,290.6979719828441
304727,T3,10,orig,0.09999999999999999,296.85786582557137
304727,T3,10,orig,0.1584893192461114,306.0194278529414
304727,T3,10,orig,0.25118864315095824,319.20410347722833
304727,T3,10,orig,0.3981071705534973,337.31133242825103
304727,T3,10,orig,0.6309573444801936,360.6583849017792
304727,T3,10,orig,1.0,388.4611973198694
304727,T3,10,orig,1.584893192461114,418.64862628924243
304727,T3,10,orig,2.511886431509582,448.3513464612327
304727,T3,10,orig,3.9810717055349736,474.88975068146925
304727,T3,10,orig,6.309573444801936,496.62014554744417
304727,T3,10,orig,10.0,513.1576730531482
304727,T3,10,surr0,0.001,300.49190860629307
304727,T3,10,surr0,0.001584893192461114,300.5853237711979
304727,T3,10,surr0,0.0025118864315095794,300.7332263417772
304727,T3,10,surr0,0.003981071705534973,300.96725887293104
304727,T3,10,surr0,0.006309573444801929,301.3372308681037
304727,T3,10,surr0,0.01,301.921236303875
304727,T3,10,surr0,0.01584893192461114,302.84094015778595
304727,T3,10,surr0,0.025118864315095808,304.2839824664933
304727,T3,10,surr0,0.039810717055349734,306.5351255462747
304727,T3,10,surr0,0.06309573444801933,310.0154914732428
304727,T3,10,surr0,0.09999999999999999,315.3223211346166
304727,T3,10,surr0,0.1584893192461114,323.24607004002155
304727,T3,10,surr0,0.25118864315095824,334.7153783543509
304727,T3,10,surr0,0.3981071705534973,350.5965076007039
304727,T3,10,surr0,0.6309573444801936,371.30109631139885
304727,T3,10,surr0,1.0,396.30393562886616
304727,T3,10,surr0,1.584893192461114,423.8971698453299
304727,T3,10,surr0,2.511886431509582,451.52378769524546
304727,T3,10,surr0,3.9810717055349736,476.62810635709565
304727,T3,10,surr0,6.309573444801936,497.49394230904124
304727,T3,10,surr0,10.0,513.5672993745013
304727,T3,10,surr1,0.001,296.9959319478784
304727,T3,10,surr1,0.001584893192461114,297.09266517042164
304727,T3,10,surr1,0.0025118864315095794,297.2458185673883
304727,T3,10,surr1,0.003981071705534973,297.48815319447226
304727,T3,10,surr1,0.006309573444801929,297.8712333005359
304727,T3,10,surr1,0.01,298.4758892121765
304727,T3,10,surr1,0.01584893192461114,299.42801185029856
304727,T3,10,surr1,0.025118864315095808,300.92166625433146
304727,T3,10,surr1,0.039810717055349734,303.2511356045188
304727,T3,10,surr1,0.06309573444801933,306.851056427604
304727,T3,10,surr1,0.09999999999999999,312.33646404283616
304727,T3,10,surr1,0.1584893192461114,320.51812080358945
304727,T3,10,surr1,0.25118864315095824,332.34116364253026
304727,T3,10,surr1,0.3981071705534973,348.6714224234436
304727,T3,10,surr1,0.6309573444801936,369.88654459313506
304727,T3,10,surr1,1.0,395.3894224419236
304727,T3,10,surr1,1.584893192461114,423.3898477459941
304727,T3,10,surr1,2.511886431509582,451.2856731028497
304727,T3,10,surr1,3.9810717055349736,476.53364782156683
304727,T3,10,surr1,6.309573444801936,497.46204438953305
304727,T3,10,surr1,10.0,513.5580988209715
304727,T3,10,surr2,0.001,301.0584205877319
304727,T3,10,surr2,0.001584893192461114,301.15054782115465
304727,T3,10,surr2,0.0025118864315095794,301.29641366474067
304727,T3,10,surr2,0.003981071705534973,301.5272294886316
304727,T3,10,surr2,0.006309573444801929,301.89213156754283
304727,T3,10,surr2,0.01,302.46817209471004
304727,T3,10,surr2,0.01584893192461114,303.3754271175018
304727,T3,10,surr2,0.025118864315095808,304.7991701151375
304727,T3,10,surr2,0.039810717055349734,307.02077649442384
304727,T3,10,surr2,0.06309573444801933,310.45684874255437
304727,T3,10,surr2,0.09999999999999999,315.69935389782
304727,T3,10,surr2,0.1584893192461114,323.53428711679794
304727,T3,10,surr2,0.25118864315095824,334.890271274339
304727,T3,10,surr2,0.3981071705534973,350.64351651139555
304727,T3,10,surr2,0.6309573444801936,371.22907634319546
304727,T3,10,surr2,1.0,396.15196322731566
304727,T3,10,surr2,1.584893192461114,423.72237086912537
304727,T3,10,surr2,2.511886431509582,451.3744354519473
304727,T3,10,surr2,3.9810717055349736,476.52498462644684
304727,T3,10,surr2,6.309573444801936,497.4334483968023
304727,T3,10,surr2,10.0,513.5358937057572
314225,T2,0,orig,0.001,60.33335667029825
314225,T2,0,orig,0.001584893192461114,60.41089853853814
314225,T2,0,orig,0.0025118864315095794,60.533391125233976
314225,T2,0,orig,0.003981071705534973,60.72652272964361
314225,T2,0,orig,0.006309573444801929,61.03011308249744
314225,T2,0,orig,0.01,61.50508128901729
314225,T2,0,orig,0.01584893192461114,62.242681044331505
314225,T2,0,orig,0.025118864315095808,63.375022591044306
314225,T2,0,orig,0.039810717055349734,65.08296479449974
314225,T2,0,orig,0.06309573444801933,67.59188527298092
314225,T2,0,orig,0.09999999999999999,71.13954583533754
314225,T2,0,orig,0.1584893192461114,75.90504821560451
314225,T2,0,orig,0.25118864315095824,81.92826929011488
314225,T2,0,orig,0.3981071705534973,89.11574449116466
314225,T2,0,orig,0.6309573444801936,97.37306027267479
314225,T2,0,orig,1.0,106.6383336082532
314225,T2,0,orig,1.584893192461114,116.64426059444926
314225,T2,0,orig,2.511886431509582,126.7510647016573
314225,T2,0,orig,3.9810717055349736,136.12620206032292
314225,T2,0,orig,6.309573444801936,144.0897212473274
314225,T2,0,orig,10.0,150.3379232311703
314225,T2,0,surr0,0.001,58.89567438546986
314225,T2,0,surr0,0.001584893192461114,58.96985472635304
314225,T2,0,surr0,0.0025118864315095794,59.08705024839075
314225,T2,0,surr0,0.003981071705534973,59.2718629570694
314225,T2,0,surr0,0.006309573444801929,59.562458761675444
314225,T2,0,surr0,0.01,60.01730196891322
314225,T2,0,surr0,0.01584893192461114,60.72415766067054
314225,T2,0,surr0,0.025118864315095808,61.81055605109246
314225,T2,0,surr0,0.039810717055349734,63.45225372070269
314225,T2,0,surr0,0.06309573444801933,65.8711386823245
314225,T2,0,surr0,0.09999999999999999,69.30821159179689
314225,T2,0,surr0,0.1584893192461114,73.96127870124842
314225,T2,0,surr0,0.25118864315095824,79.91252449036665
314225,T2,0,surr0,0.3981071705534973,87.1285092612994
314225,T2,0,surr0,0.6309573444801936,95.56082281868228
314225,T2,0,surr0,1.0,105.14130597797586
314225,T2,0,surr0,1.584893192461114,115.5388901953322
314225,T2,0,surr0,2.511886431509582,126.02556855622262
314225,T2,0,surr0,3.9810717055349736,135.70136319054214
314225,T2,0,surr0,6.309573444801936,143.86494474276347
314225,T2,0,surr0,10.0,150.22849102657733
314225,T2,0,surr1,0.001,56.57437830834916
314225,T2,0,surr1,0.001584893192461114,56.66592286987754
314225,T2,0,surr1,0.0025118864315095794,56.81049888366348
314225,T2,0,surr1,0.003981071705534973,57.038357448485556
314225,T2,0,surr1,0.006309573444801929,57.39630772153834
314225,T2,0,surr1,0.01,57.95575325094369
314225,T2,0,surr1,0.01584893192461114,58.82313356529644
314225,T2,0,surr1,0.025118864315095808,60.15125758715225
314225,T2,0,surr1,0.039810717055349734,62.14616661115434
314225,T2,0,surr1,0.06309573444801933,65.05701821900159
314225,T2,0,surr1,0.09999999999999999,69.12886559338958
314225,T2,0,surr1,0.1584893192461114,74.50632980030115
314225,T2,0,surr1,0.25118864315095824,81.1334046495286
314225,T2,0,surr1,0.3981071705534973,88.78673921960781
314225,T2,0,surr1,0.6309573444801936,97.29822683647178
314225,T2,0,surr1,1.0,106.64553982626234
314225,T2,0,surr1,1.584893192461114,116.65290373478318
314225,T2,0,surr1,2.511886431509582,126.7452996114565
314225,T2,0,surr1,3.9810717055349736,136.11378907000608
314225,T2,0,surr1,6.309573444801936,144.0786138206028
314225,T2,0,surr1,10.0,150.33071437368827
314225,T2,0,surr2,0.001,55.33345540456104
314225,T2,0,surr2,0.001584893192461114,55.42550527788059
314225,T2,0,surr2,0.0025118864315095794,55.5708856816318
314225,T2,0,surr2,0.003981071705534973,55.8000278650898
314225,T2,0,surr2,0.006309573444801929,56.16003408411167
314225,T2,0,surr2,0.01,56.72279053982368
314225,T2,0,surr2,0.01584893192461114,57.59554371773018
314225,T2,0,surr2,0.025118864315095808,58.932473744363335
314225,T2,0,surr2,0.039810717055349734,60.941978725824576
314225,T2,0,surr2,0.06309573444801933,63.877247342184475
314225,T2,0,surr2,0.09999999999999999,67.98994933000334
314225,T2,0,surr2,0.1584893192461114,73.43441617614496
314225,T2,0,surr2,0.25118864315095824,80.16563382696698
314225,T2,0,surr2,0.3981071705534973,87.96583413313694
314225,T2,0,surr2,0.6309573444801936,96.6574882617471
314225,T2,0,surr2,1.0,106.19209246327073
314225,T2,0,surr2,1.584893192461114,116.36358662565704
314225,T2,0,surr2,2.511886431509582,126.5783308597425
314225,T2,0,surr2,3.9810717055349736,136.0257270904606
314225,T2,0,surr2,6.309573444801936,144.03555523082355
314225,T2,0,surr2,10.0,150.31089119822025
314225,T2,10,orig,0.001,60.33335667029825
314225,T2,10,orig,0.001584893192461114,60.41089853853814
314225,T2,10,orig,0.0025118864315095794,60.533391125233976
314225,T2,10,orig,0.003981071705534973,60.72652272964361
314225,T2,10,orig,0.006309573444801929,61.03011308249744
314225,T2,10,orig,0.01,61.50508128901729
314225,T2,10,orig,0.01584893192461114,62.242681044331505
314225,T2,10,orig,0.025118864315095808,63.375022591044306
314225,T2,10,orig,0.039810717055349734,65.08296479449974
314225,T2,10,orig,0.06309573444801933,67.59188527298092
314225,T2,10,orig,0.09999999999999999,71.13954583533754
314225,T2,10,orig,0.1584893192461114,75.90504821560451
314225,T2,10,orig,0.25118864315095824,81.92826929011488
314225,T2,10,orig,0.3981071705534973,89.11574449116466
314225,T2,10,orig,0.6309573444801936,97.37306027267479
314225,T2,10,orig,1.0,106.6383336082532
314225,T2,10,orig,1.584893192461114,116.64426059444926
314225,T2,10,orig,2.511886431509582,126.7510647016573
314225,T2,10,orig,3.9810717055349736,136.12620206032292
314225,T2,10,orig,6.309573444801936,144.0897212473274
314225,T2,10,orig,10.0,150.3379232311703
314225,T2,10,surr0,0.001,58.58113575792003
314225,T2,10,surr0,0.001584893192461114,58.65661100883204
314225,T2,10,surr0,0.0025118864315095794,58.775850841469854
314225,T2,10,surr0,0.003981071705534973,58.96388361465994
314225,T2,10,surr0,0.006309573444801929,59.25953317909476
314225,T2,10,surr0,0.01,59.72226284434223
314225,T2,10,surr0,0.01584893192461114,60.44131460854671
314225,T2,10,surr0,0.025118864315095808,61.54630581507593
314225,T2,10,surr0,0.039810717055349734,63.21571539932174
314225,T2,10,surr0,0.06309573444801933,65.67446395722135
314225,T2,10,surr0,0.09999999999999999,69.16579155828468
314225,T2,10,surr0,0.1584893192461114,73.88666475595153
314225,T2,10,surr0,0.25118864315095824,79.91242768317333
314225,T2,10,surr0,0.3981071705534973,87.19609548709961
314225,T2,10,surr0,0.6309573444801936,95.67405640672466
314225,T2,10,surr0,1.0,105.26971007076305
314225,T2,10,surr0,1.584893192461114,115.6546250797301
314225,T2,10,surr0,2.511886431509582,126.11246303833383
314225,T2,10,surr0,3.9810717055349736,135.75715360092337
314225,T2,10,surr0,6.309573444801936,143.8963651913962
314225,T2,10,surr0,10.0,150.24443920768795
314225,T2,10,surr1,0.001,61.70807736865142
314225,T2,10,surr1,0.001584893192461114,61.78575730785541
314225,T2,10,surr1,0.0025118864315095794,61.908459408421244
314225,T2,10,surr1,0.003981071705534973,62.10189986953503
314225,T2,10,surr1,0.006309573444801929,62.40592221956992
314225,T2,10,surr1,0.01,62.88143366016024
314225,T2,10,surr1,0.01584893192461114,63.61955085224816
314225,T2,10,surr1,0.025118864315095808,64.751894610166
314225,T2,10,surr1,0.039810717055349734,66.45795498615018
314225,T2,10,surr1,0.06309573444801933,68.95976978483537
314225,T2,10,surr1,0.09999999999999999,72.48790766809664
314225,T2,10,surr1,0.1584893192461114,77.20825581748669
314225,T2,10,surr1,0.25118864315095824,83.14176194273699
314225,T2,10,surr1,0.3981071705534973,90.17836587153319
314225,T2,10,surr1,0.6309573444801936,98.22559912108309
314225,T2,10,surr1,1.0,107.2514719822566
314225,T2,10,surr1,1.584893192461114,117.03390557530774
314225,T2,10,surr1,2.511886431509582,126.96896859939017
314225,T2,10,surr1,3.9810717055349736,136.23449680151631
314225,T2,10,surr1,6.309573444801936,144.1386579095832
314225,T2,10,surr1,10.0,150.35862522764987
314225,T2,10,surr2,0.001,62.007972141408324
314225,T2,10,surr2,0.001584893192461114,62.085207734864575
314225,T2,10,surr2,0.0025118864315095794,62.20720754601712
314225,T2,10,surr2,0.003981071705534973,62.399539838330746
314225,T2,10,surr2,0.006309573444801929,62.701818065289565
314225,T2,10,surr2,0.01,63.17459566162959
314225,T2,10,surr2,0.01584893192461114,63.90845535664783
314225,T2,10,surr2,0.025118864315095808,65.03423666636309
314225,T2,10,surr2,0.039810717055349734,66.73034549303331
314225,T2,10,surr2,0.06309573444801933,69.21745363453323
314225,T2,10,surr2,0.09999999999999999,72.72471821764651
314225,T2,10,surr2,0.1584893192461114,77.4172199223855
314225,T2,10,surr2,0.25118864315095824,83.31679875947096
314225,T2,10,surr2,0.3981071705534973,90.31680538614974
314225,T2,10,surr2,0.6309573444801936,98.32971029139809
314225,T2,10,surr2,1.0,107.32706048510735
314225,T2,10,surr2,1.584893192461114,117.08713669035393
314225,T2,10,surr2,2.511886431509582,127.00465409440056
314225,T2,10,surr2,3.9810717055349736,136.25662564116445
314225,T2,10,surr2,6.309573444801936,144.1511439381804
314225,T2,10,surr2,10.0,150.36505248012443
314225,T3,0,orig,0.001,211.95870362013696
314225,T3,0,orig,0.001584893192461114,212.13429007651743
314225,T3,0,orig,0.0025118864315095794,212.41219453836783
314225,T3,0,orig,0.003981071705534973,212.85168801646427
314225,T3,0,orig,0.006309573444801929,213.5458479296107
314225,T3,0,orig,0.01,214.64005096718407
314225,T3,0,orig,0.01584893192461114,216.3594087451969
314225,T3,0,orig,0.025118864315095808,219.0477240163192
314225,T3,0,orig,0.039810717055349734,223.2185508355769
314225,T3,0,orig,0.06309573444801933,229.61186443551233
314225,T3,0,orig,0.09999999999999999,239.2322195241634
314225,T3,0,orig,0.1584893192461114,253.3107806777229
314225,T3,0,orig,0.25118864315095824,273.09301400475795
314225,T3,0,orig,0.3981071705534973,299.3616133122501
314225,T3,0,orig,0.6309573444801936,331.77080152940346
314225,T3,0,orig,1.0,368.39569266256
314225,T3,0,orig,1.584893192461114,406.0121449925173
314225,T3,0,orig,2.511886431509582,441.1242711377847
314225,T3,0,orig,3.9810717055349736,471.104174873263
314225,T3,0,orig,6.309573444801936,494.780230813507
314225,T3,0,orig,10.0,512.315212224825
314225,T3,0,surr0,0.001,246.15328993926585
314225,T3,0,surr0,0.001584893192461114,246.2987701142617
314225,T3,0,surr0,0.0025118864315095794,246.5290476441046
314225,T3,0,surr0,0.003981071705534973,246.89327862899142
314225,T3,0,surr0,0.006309573444801929,247.4687080973749
314225,T3,0,surr0,0.01,248.37611287689091
314225,T3,0,surr0,0.01584893192461114,249.80282981122127
314225,T3,0,surr0,0.025118864315095808,252.03574553534364
314225,T3,0,surr0,0.039810717055349734,255.5052612278296
314225,T3,0,surr0,0.06309573444801933,260.8359159409526
314225,T3,0,surr0,0.09999999999999999,268.88545839958664
314225,T3,0,surr0,0.1584893192461114,280.7264140559747
314225,T3,0,surr0,0.25118864315095824,297.48691980296366
314225,T3,0,surr0,0.3981071705534973,319.96258563693664
314225,T3,0,surr0,0.6309573444801936,348.0361981080895
314225,T3,0,surr0,1.0,380.2297091155764
314225,T3,0,surr0,1.584893192461114,413.8557174815723
314225,T3,0,surr0,2.511886431509582,445.83453349362924
314225,T3,0,surr0,3.9810717055349736,473.67458664012725
314225,T3,0,surr0,6.309573444801936,496.06899681443787
314225,T3,0,surr0,10.0,512.9184440710404
314225,T3,0,surr1,0.001,231.67520515632052
314225,T3,0,surr1,0.001584893192461114,231.8315044581873
314225,T3,0,surr1,0.0025118864315095794,232.07890104826538
314225,T3,0,surr1,0.003981071705534973,232.47019356093884
314225,T3,0,surr1,0.006309573444801929,233.08833685108596
314225,T3,0,surr1,0.01,234.06300046297966
314225,T3,0,surr1,0.01584893192461114,235.59522935597954
314225,T3,0,surr1,0.025118864315095808,237.9926971048257
314225,T3,0,surr1,0.039810717055349734,241.71650693880792
314225,T3,0,surr1,0.06309573444801933,247.43465153462805
314225,T3,0,surr1,0.09999999999999999,256.0621969647646
314225,T3,0,surr1,0.1584893192461114,268.73858239398805
314225,T3,0,surr1,0.25118864315095824,286.6533058909403
314225,T3,0,surr1,0.3981071705534973,310.62751810416194
314225,T3,0,surr1,0.6309573444801936,340.49272207827926
314225,T3,0,surr1,1.0,374.61288598493223
314225,T3,0,surr1,1.584893192461114,410.05820120038834
314225,T3,0,surr1,2.511886431509582,443.5194282057684
314225,T3,0,surr1,3.9810717055349736,472.39782438744203
314225,T3,0,surr1,6.309573444801936,495.42427199662416
314225,T3,0,surr1,10.0,512.6152344705549
314225,T3,0,surr2,0.001,231.66661050543462
314225,T3,0,surr2,0.001584893192461114,231.81992952861646
314225,T3,0,surr2,0.0025118864315095794,232.06262133680116
314225,T3,0,surr2,0.003981071705534973,232.44650386802385
314225,T3,0,surr2,0.006309573444801929,233.05301926157696
314225,T3,0,surr2,0.01,234.0095420273463
314225,T3,0,surr2,0.01584893192461114,235.51372932848366
314225,T3,0,surr2,0.025118864315095808,237.868482443005
314225,T3,0,surr2,0.039810717055349734,241.5287275864417
314225,T3,0,surr2,0.06309573444801933,247.15573700932626
314225,T3,0,surr2,0.09999999999999999,255.6601986805544
314225,T3,0,surr2,0.1584893192461114,268.1857701936918
314225,T3,0,surr2,0.25118864315095824,285.943804060922
314225,T3,0,surr2,0.3981071705534973,309.7996040962624
314225,T3,0,surr2,0.6309573444801936,339.6370369459367
314225,T3,0,surr2,1.0,373.84493060557975
314225,T3,0,surr2,1.584893192461114,409.4649004207315
314225,T3,0,surr2,2.511886431509582,443.12345767132337
314225,T3,0,surr2,3.9810717055349736,472.166230477765
314225,T3,0,surr2,6.309573444801936,495.30294509931383
314225,T3,0,surr2,10.0,512.5568820071193
314225,T3,10,orig,0.001,211.95870362013696
314225,T3,10,orig,0.001584893192461114,212.13429007651743
314225,T3,10,orig,0.0025118864315095794,212.41219453836783
314225,T3,10,orig,0.003981071705534973,212.85168801646427
314225,T3,10,orig,0.006309573444801929,213.5458479296107
314225,T3,10,orig,0.01,214.64005096718407
314225,T3,10,orig,0.01584893192461114,216.3594087451969
314225,T3,10,orig,0.025118864315095808,219.0477240163192
314225,T3,10,orig,0.039810717055349734,223.2185508355769
314225,T3,10,orig,0.06309573444801933,229.61186443551233
314225,T3,10,orig,0.09999999999999999,239.2322195241634
314225,T3,10,orig,0.1584893192461114,253.3107806777229
314225,T3,10,orig,0.25118864315095824,273.09301400475795
314225,T3,10,orig,0.3981071705534973,299.3616133122501
314225,T3,10,orig,0.6309573444801936,331.77080152940346
314225,T3,10,orig,1.0,368.39569266256
314225,T3,10,orig,1.584893192461114,406.0121449925173
314225,T3,10,orig,2.511886431509582,441.1242711377847
314225,T3,10,orig,3.9810717055349736,471.104174873263
314225,T3,10,orig,6.309573444801936,494.780230813507
314225,T3,10,orig,10.0,512.315212224825
314225,T3,10,surr0,0.001,233.67185707848913
314225,T3,10,surr0,0.001584893192461114,233.83123553530478
314225,T3,10,surr0,0.0025118864315095794,234.08348934492088
314225,T3,10,surr0,0.003981071705534973,234.4824227547649
314225,T3,10,surr0,0.006309573444801929,235.11253326880035
314225,T3,10,surr0,0.01,236.10580930339324
314225,T3,10,surr0,0.01584893192461114,237.6666636874212
314225,T3,10,surr0,0.025118864315095808,240.10737194948106
314225,T3,10,surr0,0.039810717055349734,243.89461975093056
314225,T3,10,surr0,0.06309573444801933,249.70145326262895
314225,T3,10,surr0,0.09999999999999999,258.4431871014741
314225,T3,10,surr0,0.1584893192461114,271.24590319867235
314225,T3,10,surr0,0.25118864315095824,289.25974698475903
314225,T3,10,surr0,0.3981071705534973,313.23503770985394
314225,T3,10,surr0,0.6309573444801936,342.92459259791906
314225,T3,10,surr0,1.0,376.6649815528446
314225,T3,10,surr0,1.584893192461114,411.59419707035823
314225,T3,10,surr0,2.511886431509582,444.5327782540507
314225,T3,10,surr0,3.9810717055349736,472.9907244255315
314225,T3,10,surr0,6.309573444801936,495.7367414216458
314225,T3,10,surr0,10.0,512.7666384401357
314225,T3,10,surr1,0.001,232.4021838110249
314225,T3,10,surr1,0.001584893192461114,232.5639776020326
314225,T3,10,surr1,0.0025118864315095794,232.82004928663505
314225,T3,10,surr1,0.003981071705534973,233.22500817351911
314225,T3,10,surr1,0.006309573444801929,233.86460491339568
314225,T3,10,surr1,0.01,234.87275767883122
314225,T3,10,surr1,0.01584893192461114,236.4567997197146
314225,T3,10,surr1,0.025118864315095808,238.93330191277664
314225,T3,10,surr1,0.039810717055349734,242.77497191342093
314225,T3,10,surr1,0.06309573444801933,248.66261576252253
314225,T3,10,surr1,0.09999999999999999,257.52003139592256
314225,T3,10,surr1,0.1584893192461114,270.4793512770966
314225,T3,10,surr1,0.25118864315095824,288.68816001024516
314225,T3,10,surr1,0.3981071705534973,312.8780481646732
314225,T3,10,surr1,0.6309573444801936,342.76515637113954
314225,T3,10,surr1,1.0,376.64542547884696
314225,T3,10,surr1,1.584893192461114,411.63939398839267
314225,T3,10,surr1,2.511886431509582,444.5859018410184
314225,T3,10,surr1,3.9810717055349736,473.02831397670604
314225,T3,10,surr1,6.309573444801936,495.7577320680768
314225,T3,10,surr1,10.0,512.7768631339032
314225,T3,10,surr2,0.001,231.3290818859066
314225,T3,10,surr2,0.001584893192461114,231.4895922961779
314225,T3,10,surr2,0.0025118864315095794,231.74364582090894
314225,T3,10,surr2,0.003981071705534973,232.1454457360189
314225,T3,10,surr2,0.006309573444801929,232.78013433066297
314225,T3,10,surr2,0.01,233.78075177068985
314225,T3,10,surr2,0.01584893192461114,235.35344795894184
314225,T3,10,surr2,0.025118864315095808,237.81340952965826
314225,T3,10,surr2,0.039810717055349734,241.63226520822923
314225,T3,10,surr2,0.06309573444801933,247.4914814972827
314225,T3,10,surr2,0.09999999999999999,256.32039155447256
314225,T3,10,surr2,0.1584893192461114,269.2666477621156
314225,T3,10,surr2,0.25118864315095824,287.50757087780613
314225,T3,10,surr2,0.3981071705534973,311.81234663952785
314225,T3,10,surr2,0.6309573444801936,341.9146092621771
314225,T3,10,surr2,1.0,376.0736626148375
314225,T3,10,surr2,1.584893192461114,411.32912963512337
314225,T3,10,surr2,2.511886431509582,444.45567032890364
314225,T3,10,surr2,3.9810717055349736,472.98961997176343
314225,T3,10,surr2,6.309573444801936,495.7528864222491
314225,T3,10,surr2,10.0,512.7800438902586
519647,T2,0,orig,0.001,55.66659662643837
519647,T2,0,orig,0.001584893192461114,55.76533206280289
519647,T2,0,orig,0.0025118864315095794,55.921244093165555
519647,T2,0,orig,0.003981071705534973,56.16691740890421
519647,T2,0,orig,0.006309573444801929,56.55272515906716
519647,T2,0,orig,0.01,57.155390035311584
519647,T2,0,orig,0.01584893192461114,58.08898728891053
519647,T2,0,orig,0.025118864315095808,59.516557811667845
519647,T2,0,orig,0.039810717055349734,61.65613428385412
519647,T2,0,orig,0.06309573444801933,64.76696355968012
519647,T2,0,orig,0.09999999999999999,69.09340961995916
519647,T2,0,orig,0.1584893192461114,74.7542642956992
519647,T2,0,orig,0.25118864315095824,81.6324835818611
519647,T2,0,orig,0.3981071705534973,89.42720282899414
519647,T2,0,orig,0.6309573444801936,97.93189277929447
519647,T2,0,orig,1.0,107.15907739944284
519647,T2,0,orig,1.584893192461114,117.00481742152573
519647,T2,0,orig,2.511886431509582,126.95297324908738
519647,T2,0,orig,3.9810717055349736,136.22140161826346
519647,T2,0,orig,6.309573444801936,144.1289292832817
519647,T2,0,orig,10.0,150.35260892436492
519647,T2,0,surr0,0.001,54.8391126875606
519647,T2,0,surr0,0.001584893192461114,54.93795537036326
519647,T2,0,surr0,0.0025118864315095794,55.09403942652291
519647,T2,0,surr0,0.003981071705534973,55.339990493771566
519647,T2,0,surr0,0.006309573444801929,55.72625110806429
519647,T2,0,surr0,0.01,56.32966483142384
519647,T2,0,surr0,0.01584893192461114,57.264524383402026
519647,T2,0,surr0,0.025118864315095808,58.694274776071026
519647,T2,0,surr0,0.039810717055349734,60.8377178527407
519647,T2,0,surr0,0.06309573444801933,63.95557004217998
519647,T2,0,surr0,0.09999999999999999,68.29491772046153
519647,T2,0,surr0,0.1584893192461114,73.97918656458015
519647,T2,0,surr0,0.25118864315095824,80.89800007097006
519647,T2,0,surr0,0.3981071705534973,88.75747930473476
519647,T2,0,surr0,0.6309573444801936,97.35427685483157
519647,T2,0,surr0,1.0,106.69611136754922
519647,T2,0,surr0,1.584893192461114,116.66555721608198
519647,T2,0,surr0,2.511886431509582,126.72843908271835
519647,T2,0,surr0,3.9810717055349736,136.08774874369297
519647,T2,0,surr0,6.309573444801936,144.05694460973533
519647,T2,0,surr0,10.0,150.3170165972711
519647,T2,0,surr1,0.001,55.40670280786895
519647,T2,0,surr1,0.001584893192461114,55.50584093235315
519647,T2,0,surr1,0.0025118864315095794,55.66238870853465
519647,T2,0,surr1,0.003981071705534973,55.90906343684195
519647,T2,0,surr1,0.006309573444801929,56.29644293202528
519647,T2,0,surr1,0.01,56.901560712139116
519647,T2,0,surr1,0.01584893192461114,57.8389517330208
519647,T2,0,surr1,0.025118864315095808,59.27230706362241
519647,T2,0,surr1,0.039810717055349734,61.42050925780975
519647,T2,0,surr1,0.06309573444801933,64.54375899212415
519647,T2,0,surr1,0.09999999999999999,68.88715615757121
519647,T2,0,surr1,0.1584893192461114,74.56938176251009
519647,T2,0,surr1,0.25118864315095824,81.47178901160314
519647,T2,0,surr1,0.3981071705534973,89.29076940039539
519647,T2,0,surr1,0.6309573444801936,97.81792145271325
519647,T2,0,surr1,1.0,107.06626007362564
519647,T2,0,surr1,1.584893192461114,116.93311992435073
519647,T2,0,surr1,2.511886431509582,126.90207180746204
519647,T2,0,surr1,3.9810717055349736,136.1889053919309
519647,T2,0,surr1,6.309573444801936,144.11035916671338
519647,T2,0,surr1,10.0,150.34300373280803
519647,T2,0,surr2,0.001,53.18045860408064
519647,T2,0,surr2,0.001584893192461114,53.27883176323494
519647,T2,0,surr2,0.0025118864315095794,53.43418336875132
519647,T2,0,surr2,0.003981071705534973,53.67900273803804
519647,T2,0,surr2,0.006309573444801929,54.06354211898579
519647,T2,0,surr2,0.01,54.66440633922329
519647,T2,0,surr2,0.01584893192461114,55.595660380954726
519647,T2,0,surr2,0.025118864315095808,57.020739000777105
519647,T2,0,surr2,0.039810717055349734,59.15920554052748
519647,T2,0,surr2,0.06309573444801933,62.27456866708477
519647,T2,0,surr2,0.09999999999999999,66.62109766676578
519647,T2,0,surr2,0.1584893192461114,72.33692934718636
519647,T2,0,surr2,0.25118864315095824,79.33489905166657
519647,T2,0,surr2,0.3981071705534973,87.3451666667084
519647,T2,0,surr2,0.6309573444801936,96.17065107276996
519647,T2,0,surr2,1.0,105.79322846598347
519647,T2,0,surr2,1.584893192461114,116.04618471357199
519647,T2,0,surr2,2.511886431509582,126.34784590804044
519647,T2,0,surr2,3.9810717055349736,135.8771023862754
519647,T2,0,surr2,6.309573444801936,143.95047094583876
519647,T2,0,surr2,10.0,150.2669588883447
519647,T2,10,orig,0.001,55.66659662643837
519647,T2,10,orig,0.001584893192461114,55.76533206280289
519647,T2,10,orig,0.0025118864315095794,55.921244093165555
519647,T2,10,orig,0.003981071705534973,56.16691740890421
519647,T2,10,orig,0.006309573444801929,56.55272515906716
519647,T2,10,orig,0.01,57.155390035311584
519647,T2,10,orig,0.01584893192461114,58.08898728891053
519647,T2,10,orig,0.025118864315095808,59.516557811667845
519647,T2,10,orig,0.039810717055349734,61.65613428385412
519647,T2,10,orig,0.06309573444801933,64.76696355968012
519647,T2,10,orig,0.09999999999999999,69.09340961995916
519647,T2,10,orig,0.1584893192461114,74.7542642956992
519647,T2,10,orig,0.25118864315095824,81.6324835818611
519647,T2,10,orig,0.3981071705534973,89.42720282899414
519647,T2,10,orig,0.6309573444801936,97.93189277929447
519647,T2,10,orig,1.0,107.15907739944284
519647,T2,10,orig,1.584893192461114,117.00481742152573
519647,T2,10,orig,2.511886431509582,126.95297324908738
519647,T2,10,orig,3.9810717055349736,136.22140161826346
519647,T2,10,orig,6.309573444801936,144.1289292832817
519647,T2,10,orig,10.0,150.35260892436492
519647,T2,10,surr0,0.001,51.45088629243479
519647,T2,10,surr0,0.001584893192461114,51.54836870921523
519647,T2,10,surr0,0.0025118864315095794,51.702323083488686
519647,T2,10,surr0,0.003981071705534973,51.944964162754935
519647,T2,10,surr0,0.006309573444801929,52.326141056317915
519647,T2,10,surr0,0.01,52.92189793716529
519647,T2,10,surr0,0.01584893192461114,53.84559941152643
519647,T2,10,surr0,0.025118864315095808,55.260010713476746
519647,T2,10,surr0,0.039810717055349734,57.3846200434244
519647,T2,10,surr0,0.06309573444801933,60.48486104000421
519647,T2,10,surr0,0.09999999999999999,64.82173734779997
519647,T2,10,surr0,0.1584893192461114,70.54898436521555
519647,T2,10,surr0,0.25118864315095824,77.6060734275139
519647,T2,10,surr0,0.3981071705534973,85.75354975503829
519647,T2,10,surr0,0.6309573444801936,94.80789167861212
519647,T2,10,surr0,1.0,104.72936206266733
519647,T2,10,surr0,1.584893192461114,115.29949629449573
519647,T2,10,surr0,2.511886431509582,125.87969956434286
519647,T2,10,surr0,3.9810717055349736,135.61388859005513
519647,T2,10,surr0,6.309573444801936,143.81592995498542
519647,T2,10,surr0,10.0,150.20323363436947
519647,T2,10,surr1,0.001,56.008790272400645
519647,T2,10,surr1,0.001584893192461114,56.107396640507055
519647,T2,10,surr1,0.0025118864315095794,56.2631030123162
519647,T2,10,surr1,0.003981071705534973,56.50844765226323
519647,T2,10,surr1,0.006309573444801929,56.89372775759191
519647,T2,10,surr1,0.01,57.49553996434372
519647,T2,10,surr1,0.01584893192461114,58.42774652226036
519647,T2,10,surr1,0.025118864315095808,59.853021499383765
519647,T2,10,surr1,0.039810717055349734,61.98875718065915
519647,T2,10,surr1,0.06309573444801933,65.0930869034226
519647,T2,10,surr1,0.09999999999999999,69.408517827314
519647,T2,10,surr1,0.1584893192461114,75.05107789096895
519647,T2,10,surr1,0.25118864315095824,81.90055109386844
519647,T2,10,surr1,0.3981071705534973,89.65440051053596
519647,T2,10,surr1,0.6309573444801936,98.10866628549226
519647,T2,10,surr1,1.0,107.28319877664634
519647,T2,10,surr1,1.584893192461114,117.08268886189971
519647,T2,10,surr1,2.511886431509582,126.99656318679882
519647,T2,10,surr1,3.9810717055349736,136.24337210636443
519647,T2,10,surr1,6.309573444801936,144.1390923499059
519647,T2,10,surr1,10.0,150.35702801498508
519647,T2,10,surr2,0.001,53.39112056645066
519647,T2,10,surr2,0.001584893192461114,53.49022786261079
519647,T2,10,surr2,0.0025118864315095794,53.646736522171764
519647,T2,10,surr2,0.003981071705534973,53.893373530921
519647,T2,10,surr2,0.006309573444801929,54.280753445252024
519647,T2,10,surr2,0.01,54.88602005044773
519647,T2,10,surr2,0.01584893192461114,55.82400719897507
519647,T2,10,surr2,0.025118864315095808,57.25916645529244
519647,T2,10,surr2,0.039810717055349734,59.41221321607065
519647,T2,10,surr2,0.06309573444801933,62.547500384744694
519647,T2,10,surr2,0.09999999999999999,66.91876109765
519647,T2,10,surr2,0.1584893192461114,72.66039946656565
519647,T2,10,surr2,0.25118864315095824,79.67675076702254
519647,T2,10,surr2,0.3981071705534973,87.68632816516538
519647,T2,10,surr2,0.6309573444801936,96.48404783412074
519647,T2,10,surr2,1.0,106.05395006134438
519647,T2,10,surr2,1.584893192461114,116.2406342653934
519647,T2,10,surr2,2.511886431509582,126.47704063654783
519647,T2,10,surr2,3.9810717055349736,135.95365556208293
519647,T2,10,surr2,6.309573444801936,143.9913603772466
519647,T2,10,surr2,10.0,150.28700015100964
519647,T3,0,orig,0.001,222.83422442555732
519647,T3,0,orig,0.001584893192461114,222.9987015244388
519647,T3,0,orig,0.0025118864315095794,223.25901925123543
519647,T3,0,orig,0.003981071705534973,223.6706909725941
519647,T3,0,orig,0.006309573444801929,224.32088561200803
519647,T3,0,orig,0.01,225.3457340774815
519647,T3,0,orig,0.01584893192461114,226.95599424024115
519647,T3,0,orig,0.025118864315095808,229.47347955863265
519647,T3,0,orig,0.039810717055349734,233.37882055960966
519647,T3,0,orig,0.06309573444801933,239.36468018149378
519647,T3,0,orig,0.09999999999999999,248.37272286440998
519647,T3,0,orig,0.1584893192461114,261.5631905583308
519647,T3,0,orig,0.25118864315095824,280.1310606257879
519647,T3,0,orig,0.3981071705534973,304.88780662048976
519647,T3,0,orig,0.6309573444801936,335.6568499320359
519647,T3,0,orig,1.0,370.79431978429005
519647,T3,0,orig,1.584893192461114,407.3076217202825
519647,T3,0,orig,2.511886431509582,441.74603342903333
519647,T3,0,orig,3.9810717055349736,471.3768159485016
519647,T3,0,orig,6.309573444801936,494.89290740604457
519647,T3,0,orig,10.0,512.3602947202412
519647,T3,0,surr0,0.001,251.53065677882324
519647,T3,0,surr0,0.001584893192461114,251.66840216554397
519647,T3,0,surr0,0.0025118864315095794,251.8864400708477
519647,T3,0,surr0,0.003981071705534973,252.23132071840442
519647,T3,0,surr0,0.006309573444801929,252.7762027813292
519647,T3,0,surr0,0.01,253.63549599590095
519647,T3,0,surr0,0.01584893192461114,254.98671914062587
519647,T3,0,surr0,0.025118864315095808,257.1018775617366
519647,T3,0,surr0,0.039810717055349734,260.38946434372815
519647,T3,0,surr0,0.06309573444801933,265.4433796485063
519647,T3,0,surr0,0.09999999999999999,273.0824868902761
519647,T3,0,surr0,0.1584893192461114,284.33941618006685
519647,T3,0,surr0,0.25118864315095824,300.32305644962656
519647,T3,0,surr0,0.3981071705534973,321.87069551782406
519647,T3,0,surr0,0.6309573444801936,349.0042818109427
519647,T3,0,surr0,1.0,380.4500007952409
519647,T3,0,surr0,1.584893192461114,413.65981103634425
519647,T3,0,surr0,2.511886431509582,445.52697761966243
519647,T3,0,surr0,3.9810717055349736,473.42134391624177
519647,T3,0,surr0,6.309573444801936,495.9096066946184
519647,T3,0,surr0,10.0,512.8330169839527
519647,T3,0,surr1,0.001,260.1333439037798
519647,T3,0,surr1,0.001584893192461114,260.26932844887983
519647,T3,0,surr1,0.0025118864315095794,260.4845629955285
519647,T3,0,surr1,0.003981071705534973,260.82496919393276
519647,T3,0,surr1,0.006309573444801929,261.36268180975003
519647,T3,0,surr1,0.01,262.21042046094647
519647,T3,0,surr1,0.01584893192461114,263.5428646867336
519647,T3,0,surr1,0.025118864315095808,265.62714916670734
519647,T3,0,surr1,0.039810717055349734,268.8632371096357
519647,T3,0,surr1,0.06309573444801933,273.8299045957203
519647,T3,0,surr1,0.09999999999999999,281.3194437841179
519647,T3,0,surr1,0.1584893192461114,292.320083011206
519647,T3,0,surr1,0.25118864315095824,307.8749191617226
519647,T3,0,surr1,0.3981071705534973,328.7453080239368
519647,T3,0,surr1,0.6309573444801936,354.90716281933265
519647,T3,0,surr1,1.0,385.1291708416472
519647,T3,0,surr1,1.584893192461114,417.0202698802339
519647,T3,0,surr1,2.511886431509582,447.6894543269419
519647,T3,0,surr1,3.9810717055349736,474.668532148785
519647,T3,0,surr1,6.309573444801936,496.56147848567554
519647,T3,0,surr1,10.0,513.1473429275
519647,T3,0,surr2,0.001,267.09941046226476
519647,T3,0,surr2,0.001584893192461114,267.2264610889002
519647,T3,0,surr2,0.0025118864315095794,267.4275647332525
519647,T3,0,surr2,0.003981071705534973,267.7456460971539
519647,T3,0,surr2,0.006309573444801929,268.24815408078354
519647,T3,0,surr2,0.01,269.04054055439053
519647,T3,0,surr2,0.01584893192461114,270.28635816699597
519647,T3,0,surr2,0.025118864315095808,272.236062138767
519647,T3,0,surr2,0.039810717055349734,275.265470811617
519647,T3,0,surr2,0.06309573444801933,279.92043125600725
519647,T3,0,surr2,0.09999999999999999,286.9529351500275
519647,T3,0,surr2,0.1584893192461114,297.31191314685327
519647,T3,0,surr2,0.25118864315095824,312.0229978706796
519647,T3,0,surr2,0.3981071705534973,331.88531024732
519647,T3,0,surr2,0.6309573444801936,356.9938199927221
519647,T3,0,surr2,1.0,386.29323275192695
519647,T3,0,surr2,1.584893192461114,417.5341959202239
519647,T3,0,surr2,2.511886431509582,447.8483364693462
519647,T3,0,surr2,3.9810717055349736,474.68452048540627
519647,T3,0,surr2,6.309573444801936,496.5414622079058
519647,T3,0,surr2,10.0,513.1282882339927
519647,T3,10,orig,0.001,222.83422442555732
519647,T3,10,orig,0.001584893192461114,222.9987015244388
519647,T3,10,orig,0.0025118864315095794,223.25901925123543
519647,T3,10,orig,0.003981071705534973,223.6706909725941
519647,T3,10,orig,0.006309573444801929,224.32088561200803
519647,T3,10,orig,0.01,225.3457340774815
519647,T3,10,orig,0.01584893192461114,226.95599424024115
519647,T3,10,orig,0.025118864315095808,229.47347955863265
519647,T3,10,orig,0.039810717055349734,233.37882055960966
519647,T3,10,orig,0.06309573444801933,239.36468018149378
519647,T3,10,orig,0.09999999999999999,248.37272286440998
519647,T3,10,orig,0.1584893192461114,261.5631905583308
519647,T3,10,orig,0.25118864315095824,280.1310606257879
519647,T3,10,orig,0.3981071705534973,304.88780662048976
519647,T3,10,orig,0.6309573444801936,335.6568499320359
519647,T3,10,orig,1.0,370.79431978429005
519647,T3,10,orig,1.584893192461114,407.3076217202825
519647,T3,10,orig,2.511886431509582,441.74603342903333
519647,T3,10,orig,3.9810717055349736,471.3768159485016
519647,T3,10,orig,6.309573444801936,494.89290740604457
519647,T3,10,orig,10.0,512.3602947202412
519647,T3,10,surr0,0.001,238.96291744788937
519647,T3,10,surr0,0.001584893192461114,239.11655802016278
519647,T3,10,surr0,0.0025118864315095794,239.35971858512968
519647,T3,10,surr0,0.003981071705534973,239.74424217928816
519647,T3,10,surr0,0.006309573444801929,240.35152078999474
519647,T3,10,surr0,0.01,241.30863026124752
519647,T3,10,surr0,0.01584893192461114,242.8122298647627
519647,T3,10,surr0,0.025118864315095808,245.16242096841432
519647,T3,10,surr0,0.039810717055349734,248.80700061446728
519647,T3,10,surr0,0.06309573444801933,254.3904956197838
519647,T3,10,surr0,0.09999999999999999,262.7877491973176
519647,T3,10,surr0,0.1584893192461114,275.0752117338207
519647,T3,10,surr0,0.25118864315095824,292.3629103315996
519647,T3,10,surr0,0.3981071705534973,315.41751702649583
519647,T3,10,surr0,0.6309573444801936,344.12186790835267
519647,T3,10,surr0,1.0,377.0384237926696
519647,T3,10,surr0,1.584893192461114,411.47967678386567
519647,T3,10,surr0,2.511886431509582,444.2593794337723
519647,T3,10,surr0,3.9810717055349736,472.7485061426976
519647,T3,10,surr0,6.309573444801936,495.57976890204236
519647,T3,10,surr0,10.0,512.6812687887783
519647,T3,10,surr1,0.001,237.04121830420664
519647,T3,10,surr1,0.001584893192461114,237.19494890049575
519647,T3,10,surr1,0.0025118864315095794,237.4382562275387
519647,T3,10,surr1,0.003981071705534973,237.82302261890064
519647,T3,10,surr1,0.006309573444801929,238.43071139831923
519647,T3,10,surr1,0.01,239.38853367241907
519647,T3,10,surr1,0.01584893192461114,240.89341674662785
519647,T3,10,surr1,0.025118864315095808,243.24601345451785
519647,T3,10,surr1,0.039810717055349734,246.89528244798686
519647,T3,10,surr1,0.06309573444801933,252.48820276098715
519647,T3,10,surr1,0.09999999999999999,260.9046563559508
519647,T3,10,surr1,0.1584893192461114,273.23077010251586
519647,T3,10,surr1,0.25118864315095824,290.59291591376973
519647,T3,10,surr1,0.3981071705534973,313.7796518514877
519647,T3,10,surr1,0.6309573444801936,342.691793822463
519647,T3,10,surr1,1.0,375.8881961249224
519647,T3,10,surr1,1.584893192461114,410.64474726823676
519647,T3,10,surr1,2.511886431509582,443.71856633097497
519647,T3,10,surr1,3.9810717055349736,472.4356027732346
519647,T3,10,surr1,6.309573444801936,495.41606645271935
519647,T3,10,surr1,10.0,512.6023495637822
519647,T3,10,surr2,0.001,236.06628000161365
519647,T3,10,surr2,0.001584893192461114,236.22183449411932
519647,T3,10,surr2,0.0025118864315095794,236.4680215899519
519647,T3,10,surr2,0.003981071705534973,236.85732485673103
519647,T3,10,surr2,0.006309573444801929,237.4721362765475
519647,T3,10,surr2,0.01,238.44107927952896
519647,T3,10,surr2,0.01584893192461114,239.9631754126206
519647,T3,10,surr2,0.025118864315095808,242.34205492239795
519647,T3,10,surr2,0.039810717055349734,246.03061277451116
519647,T3,10,surr2,0.06309573444801933,251.68037304345808
519647,T3,10,surr2,0.09999999999999999,260.1750841211816
519647,T3,10,surr2,0.1584893192461114,272.60140958034464
519647,T3,10,surr2,0.25118864315095824,290.0797003949563
519647,T3,10,surr2,0.3981071705534973,313.38551079797975
519647,T3,10,surr2,0.6309573444801936,342.405401648184
519647,T3,10,surr2,1.0,375.6900659740777
519647,T3,10,surr2,1.584893192461114,410.51409503826136
519647,T3,10,surr2,2.511886431509582,443.6369798313105
519647,T3,10,surr2,3.9810717055349736,472.38802349304063
519647,T3,10,surr2,6.309573444801936,495.39043639214407
519647,T3,10,surr2,10.0,512.5895808309194
